title,publishedAt,channelTitle,category,tags,duration,live_content,view_count,likes,comment_count,subscriber_count,engagement_rate,total_view_count,channel_country
"Gy√∂keres Hat-Trick DESTROYS Man City! üî• | Sporting 4-1 Man City | UEFA Champions League Highlights","2024-11-05T22:32:48Z","TNT Sports","Sports","""TNT Sports|TNT Football|TNT|Discovery|Eurosport|Warner Bros.|Cricket|Football|UFC|Boxing|Premier League|Arsenal|Liverpool|Manchester United|Chelsea|Tottenham|Manchester City|Tyson Fury|Oleksandr Usyk|Joe Joyce|Bukayo Saka|Erling Haaland|Mohamed Salah|Bruno Fernandes|Conor McGregor|Dana White|MMA|Khabib Nurmagomedov|Moto GP|UEFA Champions League|Real Madrid|UEFA Europa League|UCL|UEL|Soccer|Tennis|Rugby|Olympics|Cycling|Baseball|WWE|Wrestling|Golf|F1|Sport""","5.98","none","1380304","21964","2542","5650000","0.01775405997519387","3802840882","GB"
"Donald Trump speaks after winning the 2024 Presidential Election","2024-11-06T08:09:45Z","Fox News","News & Politics","""Fox News Channel|FNC|Fox News|News|donald trump|swing states|battleground states|electoral college|2024 election|harris campaign|2024 elections|trump campaign|2024|2024 presidential election|fox news|fox news media|fox news channel|fox news network|politics|democrats|republicans|democratic party|republican party|trump v harris|trump live|trump speaking live|trump press conference|trump press briefing|2024 election results|donald trump live""","25.37","none","17317674","295220","26392","12300000","0.018571316217177895","18199108495","US"
"Luis Diaz scores brilliant HAT-TRICK üî• | Liverpool v Leverkusen UEFA Champions League Highlights","2024-11-05T22:22:54Z","Amazon Prime Video Sport","Sports","""Amazon Prime Video Sport|Premier League|Cricket|Sports|Football|Soccer|Champions League|Champions League highlights|Liverpool|Leverkusen|Liverpool Champions League|Leverkusen Champions League|Mo Salah|Mo Salah Football|Mo Salah Champions League|Luis Diaz|Luis Diaz Football|Luis Diaz Champions League|Cody Gakpo|Cody Gakpo Football|Cody Gakpo Champions League|Virgil van Dijk|Virgil van Dijk Football|Virgil van Dijk Champions League""","4.82","none","142484","2004","172","761000","0.015271890177142696","351094134","GB"
"PIEFACE outruns attack dog AND overnight intrusion?! Locked In S5 EP6 |  @Footasylumofficial","2024-11-05T19:00:33Z","Footasylum","Entertainment","""Footasylum|Yung Filly|Darkest Man|GK Barry|Nella Rose|Harry Pinero|Chunkz|Johnny Carey|Sharky|AJ Shabeel|Niko Omilana|King Kenny|Beta Squad|Sidemen|KSI|Locked In|Does The Shoe Fit|Chef Asylum|Stephen Tries|Bambino Becky|Max Khadar|Good Evening Britain|Liar Liar|Bad Bistro|Adeola Patronne|Chunkz & Filly|Philly|Young Filly|Chunks|BETA squad|Behzinga|Miniminter|Zerkaa|Tobjizzle|The Burnt Chip|tennessee|Chloe Burrows|Pieface|Tays|Heather Bowling""","46.12","none","826891","21733","1376","2860000","0.02794685151972872","846964070","GB"
"HIGHLIGHTS! City fall to Champions League defeat at Sporting | Sporting CP 4-1 Man City | UCL","2024-11-05T23:00:09Z","Man City","Sports","""man city|manchester city|mcfc|man city highlights|man city goals|city|city vs|man city vs|man city v|video|live|men's team|haaland|pep guardiola|kevin de bruyne|interviews|press conference|pep|city v|guardiola|ucl|champions league|uefa|uefa champions league|etihad|match preview|press|2024/25|sporting|sporting lisbon|sporting v city|sporting v man city|sporting lisbon v city|bernardo silva|silva|sporting cp v city|sporting cp v man city""","2.32","none","3626731","58281","3082","7810000","0.016919644715861198","2146531160","GB"
"Diaz Hat-Trick Stuns Alonso! ü§© | Liverpool 4-0 Bayer Leverkusen | UEFA Champions League Highlights","2024-11-05T22:23:07Z","TNT Sports","Sports","""TNT Sports|TNT Football|TNT|Discovery|Eurosport|Warner Bros.|Cricket|Football|UFC|Boxing|Premier League|Arsenal|Liverpool|Manchester United|Chelsea|Tottenham|Manchester City|Tyson Fury|Oleksandr Usyk|Joe Joyce|Bukayo Saka|Erling Haaland|Mohamed Salah|Bruno Fernandes|Conor McGregor|Dana White|MMA|Khabib Nurmagomedov|Moto GP|UEFA Champions League|Real Madrid|UEFA Europa League|UCL|UEL|Soccer|Tennis|Rugby|Olympics|Cycling|Baseball|WWE|Wrestling|Golf|F1|Sport""","2.93","none","877417","11931","882","5650000","0.014603090662706557","3802840882","GB"
"The Most Insane Weapon You Never Heard About","2024-11-05T15:00:02Z","Kurzgesagt ‚Äì In a Nutshell","Education","""[none]""","13.93","none","2182308","127827","7482","23100000","0.06200270539263935","3004389187","DE"
"What if everyone pointed a laser at the moon?","2024-11-05T17:51:51Z","xkcd's What If?","Science & Technology","""[none]""","5.62","none","912192","62428","2465","746000","0.07113962849926331","37039533","US"
"Apex Legends: From the Rift Gameplay Trailer","2024-11-05T16:00:11Z","Apex Legends","Gaming","""apex legends|apex legends season 23|apex legends trailer|apex legends From the Rift trailer|apex legends from the rift|new season|new LTM|apex legends Lifeline|Wattson|Horizon|Doc|Prestige Skin|update|collection event|apex legends skins|battle royale|apex legends ps5|apex legends ps4|apex legends xbox|apex legends switch|apex legends pc|respawn entertainment|electronic arts|titanfall 2""","2.48","none","446458","20108","2439","2820000","0.05050195091139592","612210822","US"
"Ludwig Eats His Last Meal","2024-11-05T11:01:04Z","Mythical Kitchen","Entertainment","""mythical kitchen|mythical|chef|josh|scherer|nicole|food|taste test|snack|smash|fears|fancy|fast|recipe|culinary|cooking|cook|bake|baking|mythical chef josh|culinary bro-down|good mythical kitchen""","43.43","none","774116","44133","1939","3400000","0.0595156281487529","925431923","US"
"Why Are Cooling Towers Shaped Like That?","2024-11-05T14:00:59Z","Practical Engineering","Education","""[none]""","19.8","none","698805","34419","1664","3990000","0.051635291676504894","407591760","US"
"Coldest SIDEMEN Moments","2024-11-05T17:12:36Z","SidemenReacts","Entertainment","""Sidemen|Sidemen Reacts|SidemenReacts|ksi|jj olatunji|miniminter|w2s|tobi|vikkstar123|ethan|zerkaa|reacts""","9.37","none","566817","33142","380","5710000","0.05914078088695293","3133989106","GB"
"I REBUILT MY WRECKED LAMBORGHINI TO PROVE MY INSURANCE WRONG","2024-11-03T18:01:03Z","Mat Armstrong","Autos & Vehicles","""mat armstrong|matt armstrong|copart rebuild|rebuilding a car|lamborghini crash|rebuilding a wrecked car|crash damaged|twin turbo|mat armstrong mk2|lamborghini gallardo|cheap lamborghini|twin turbo lamborghini""","40.3","none","2764409","145185","6076","3570000","0.05471730123870961","489513321","GB"
"Australia v Pakistan | First ODI | ODI Series 2024-25","2024-11-04T11:10:00Z","cricket.com.au","Sports","""ausvpak""","8.23","none","5356833","94975","4111","9350000","0.018497123206939622","5114337811","AU"
"M&S Christmas Food | 2024 Christmas Advert","2024-11-04T09:38:44Z","M&S","Howto & Style","""marks and spencer|m and s|marks spencer|M&S|marks and spencers""","1.5","none","356263","1662","185","101000","0.005184372219399713","159693209","GB"
"On These Questions, Smarter People Do Worse","2024-11-04T16:48:03Z","Veritasium","Education","""veritasium|science|physics|Veritasium|maths|politics|political identity|political beliefs|political ideology|heuristic thinking|democracy|Protective Cognition|political science|communication|Dan Kahan|cultural cognition|heuristics|numeracy|cognitive bias""","14.58","none","2618243","133105","11360","16600000","0.05517631480347699","2891769897","US"
"Morrisons Christmas Tv Ad 2024 - 60s","2024-11-04T10:29:46Z","Morrisons","People & Blogs","""[none]""","1.02","none","112819","815","133","33300","0.008402839947172018","16448154","GB"
"BEYWATCH","2024-11-05T07:22:00Z","Beyonc√©","Music","""[none]""","2.48","none","645634","60681","5513","27500000","0.10252557950789457","19530867950","Unknown"
"Election Touchscreen Map Takes Deeper Look Inside Key Swing Voter | Onion News Network","2024-11-04T18:00:04Z","The Onion","Comedy","""The Onion|comedy|satire|news|Onion News Network|ONN|ONNCast|humor""","3.18","none","1839959","121938","4053","2720000","0.06847489536451627","1208069283","Unknown"
"I Brought Fresh Back to Chapter 2!","2024-11-04T13:23:20Z","Lachlan","Gaming","""fortnite battle royale|fortnite|lachlan|lachy|duos|new season|battle royal|lacy|laclan|epic games|gaming|esports|games|video games|poggies|battle royale|warzone|pubg|lachydachy|power|pwr|rocketleague|rlcs|fortniteupdate|update|battlepass|battle|pass|I Brought|Fresh|Back|to|Chapter|Chapter 2|OG Fortnite|OG Chapter 2|Chapter 2 Remix""","17.1","none","790776","24463","1051","15100000","0.0322645097979706","5639892997","AU"
"The BIGGEST argument in Locked In history?! Locked In S5 EP4 |  @Footasylumofficial","2024-11-03T19:00:10Z","Footasylum","Entertainment","""Footasylum|Yung Filly|Darkest Man|GK Barry|Nella Rose|Harry Pinero|Chunkz|Johnny Carey|Sharky|AJ Shabeel|Niko Omilana|King Kenny|Beta Squad|Sidemen|KSI|Locked In|Does The Shoe Fit|Chef Asylum|Stephen Tries|Bambino Becky|Max Khadar|Good Evening Britain|Liar Liar|Bad Bistro|Adeola Patronne|Chunkz & Filly|Philly|Young Filly|Chunks|BETA squad|Behzinga|Miniminter|Zerkaa|Tobjizzle|The Burnt Chip|tennessee|Chloe Burrows|Pieface|Tays|Heather Bowling""","57.52","none","1229688","26968","2094","2860000","0.023633637150236482","846964070","GB"
"Angel Edgar VS Demon Mortis - Animation","2024-11-06T09:15:40Z","Brawl Stars","Gaming","""brawl stars|brawler|edgar|mortis|angel|demon|brawl pass|new season|animation|kit|skins|battle|fight|epic|supercell""","1.15","none","3230033","198841","8460","20600000","0.06417922045997672","2941932208","FI"
"Get into the Christmas Spirit with Kevin The Carrot | Aldi Christmas Advert 2024","2024-11-04T00:00:17Z","AldiUK","Entertainment","""[none]""","1.5","none","369909","2805","212","35200","0.008156060003946917","19043738","GB"
"Cosy Day With Mark, Horror Mazes & Halloween Night | ad","2024-11-03T19:27:25Z","Zoe Sugg","People & Blogs","""Zoe Sugg|vlog|Zoella|makeup|grwm|get ready with me|cosmetics|Nala|pug|weekly vlog|daily|vlogging|motherhood|baby|one year old|brighton|haul|lifestyle|life|Alfie deyes|deyes|ottilie|ottie|vlogmas|two year old|toddler|daughter|garden|chatty|baking|family|halloween|tulleys|horror maze|trick or treat|decoration|decorate|movie night""","40.8","none","361108","14916","283","4960000","0.042089901082224705","1075357064","Unknown"
"SIDEMEN AMONG US BUT THE WHOLE LOBBIES INFECTED","2024-11-02T17:45:02Z","MoreSidemen","People & Blogs","""sidemen|moresidemen|miniminter|ksi|zerkaa|behzinga|tbjzl|vikkstar|wroetoshaw""","53.78","none","4512307","177431","6812","8970000","0.040831220038884765","4810309451","GB"
"Olivia Rodrigo Explores #ASMR | W Magazine","2024-11-04T13:00:52Z","W Magazine","Entertainment","""w magazine|wmag""","16.63","none","540308","40277","2005","1000000","0.07825536545822012","544673188","US"
"The GENIUS new porch idea everyone's copying for Christmas!","2024-11-04T18:00:11Z","Hometalk","Howto & Style","""[none]""","9.45","none","1001394","0","100","1400000","9.986079405308999e-05","584589516","US"
"Baby John - Taster Cut | Atlee | Varun Dhawan, Keerthy Suresh, Wamiqa G, Jackie Shroff | 25th Dec","2024-11-04T05:33:43Z","JioStudios","Entertainment","""Jio Studios|Jio Cinema|Jio Saavn|Jio TV|Babbar Sher|Baby John|Baby John Varun Dhawan|Keerthy Suresh|WamiqaGabbi|Jackie Shroff|Rajpal Yadav|baby john teaser|babay john trailer|baby john promo|baby john movie|Varun Dhawan|Atlee|atlee movie|Jawan|atlee baby john|A. Kaleeswaran|baby John taster cut|taster cut|taster cut baby john|baby john official trailer|baby john first look""","1.97","none","27184816","413022","27402","863000","0.01620110285094444","540683475","IN"
"Kodak Black - Catch Fire [Official Music Video]","2024-11-05T07:20:39Z","Kodak Black","Music","""kodak|black|kodak black|atlantic records|roll in peace|codeine dreaming|tunnel vision|drowning|transportin|heart break kodak|project baby 2|Kodak Black Bill Israel|Bill Israel|Sniper|Sniper Gang|Hip Hop|Rap|Kodak Black I Knew It|Kodak Bill Israel|Kodak Black Easter in Miami|Easter|Easter in Miami|Kodak Easter|Kodak Black Haitian Boy Kodak|Haitian Boy Kodak|Kodak Black HBK|HBK|Kodak Black Happy Birthday Kodak|Happy Birthday Kodak""","2.73","none","369661","25859","2037","9120000","0.07546373569297275","7169790186","Unknown"
"Answering Tough Questions‚úÖ","2024-11-03T16:45:06Z","Nidal Wonder","Entertainment","""Javin|Nalish|Q&A|Questions|Answers|Nidal|Salish|Nidal and Salish|Naddi|Nidal and Addi|Dating|Broke up|Jealous|Jiji and Gavin|Gavin Magnus|Jiji wonder|Nidal wonder Quit YouTube""","9.7","none","1622747","38836","5537","3240000","0.02734437346055793","527567738","US"
"BO6 Zombies Glitches; ALL WORKING AFTER PATCH - GODMODE & PILE UPS - Black Ops 6 Zombies Glitches","2024-11-04T22:14:47Z","z CerealGlitchers","Gaming","""High Rounds|AFK Glitch|Pile Up Glitches|God Mode|MW3 Zombies Glitch|black ops 6 zombies glitch|bo6 zombie glitches|bo6 godmode|zombies unlimited ammo|unlimited special weapon glitch|all working after patch|best working glitches|fast xp zombies|xp glitch|b06 easy pile up""","3.93","none","83227","1159","283","110000","0.017326108113953406","21732759","GB"
"Tampa Bay Buccaneers vs. Kansas City Chiefs Game Highlights | NFL 2024 Season Week 9","2024-11-05T04:43:00Z","NFL","Sports","""[none]""","12.68","none","1915815","25715","3622","13400000","0.01531306519679614","10938454264","Unknown"
"The BEST BMW Cold Air Intake","2024-10-30T12:45:03Z","Fritz Ramos","Autos & Vehicles","""BEST Intake for the F30 BMW|f30 intake|f30 cold air intake|best cold air intake for BMW|best cold air intake for bmw n55|best cold air intake for b58|n20 cold air intake|f30 intake sound|f30 intake install|f30 intake scoop|f30 335i intake|f30 cold air intake sound|bmw f30 320i cold air intake|bmw f30 cold air intake sound|bmw 330i f30 cold air intake|bmw f30 335i cold air intake|f30 328i cold air intake|f30 335i cold air intake|bmw f30 afe intake""","1.5","none","1216091","57243","410","53300","0.04740845874198559","18478734","US"
"Future - BRAZZIER (Official Music Video)","2024-11-05T02:00:37Z","FutureVEVO","Music","""future|metro boomin|like that|type shit|travis scott|playboi carti|kendrick lamar|the weekend|we dont trust you|WDTY|young metro future|metro young thug|chainz|chief keef|yo gotti|meek mill|nav|gucci mane|french montana|quavo|21 savage|migos|mixtape pluto|brazzier""","3.33","none","535490","35923","1834","4370000","0.0705092532073428","8710621634","Unknown"
"ARCANE SEASON 2 COLLECTOR‚ÄôS SET // Skin Reveal Trailer - VALORANT","2024-11-04T16:36:23Z","VALORANT","Gaming","""[none]""","1.3","none","863933","40131","1973","2580000","0.04873526072044939","563411986","US"
"i went on a date‚Ä¶","2024-11-05T02:44:04Z","PontiacMadeDDG","Howto & Style","""pontiac|pontiacmade|pontiacmadeddg|ddg|pontiacmadeddgvlogs|vlogs|vlog|ddg vlogs|ddg vlog|pontiac vlog|pontiac vlogs|pontiacmadeddg vlog|pontiacmadeddg vlogs|ddg elon musk""","28.43","none","138441","12772","1987","3400000","0.10660859138549995","556191582","US"
"bo6 glitch: AFTER PATCH: BOAT PILE UP GLITCH for terminus island easy camo glitch and XP glitch","2024-11-04T22:46:13Z","B Man","Gaming","""after patch|pileup|pile up|zombie pile up|pile up glitch|terminus island|b06|bo6|black ops|blackops 6|black ops 6|Black Ops 6|BO6|glitch|glitches|black ops 6 glitch|bo6 glitch|bo6 glitches|bo6 xp|bo6 xp glitch|black ops 6 glitches|glitches bo6|glitch bo6|camo glitch|b-man|B-MAN|bman|BMAN|GLITCH|ZOMBIES|zombies|zombies glitch|zombie glitches|bo6 zombies glitch|bo6 zombies|BO6 XP GLITCH|BO6 ZOMBIES GODMODE GLITCH|BO6 ZOMBIES GLITCH|boat glitch""","6.03","none","74397","1882","348","62900","0.02997432692178448","9314911","NZ"
"The Dodgers Are About To Take Over Baseball","2024-11-04T23:08:47Z","Baseball Doesn't Exist","Sports","""[none]""","22.18","none","446134","15651","2185","914000","0.03997901975639606","577565033","Unknown"
"spooky stories","2024-11-03T18:00:08Z","SocksStudios","Comedy","""scary stories|scary stories animated|horror stories animated|animated horror stories|horror stories|scary story|animated stories|true scary stories|horror animation compilation|creepy stories|animation|stories|disturbing horror stories|horror animation|halloween horror stories|scary animations|terrifying horror stories|halloween|true horror stories|scary animated story|mjv animations|horror story|halloween scary stories|horror story animated|creepy|scary""","43.95","none","1021752","28549","3496","1770000","0.03136279645158512","309777839","US"
"My Daughter's Emotional 15th BIRTHDAY SURPRISE","2024-11-02T14:00:07Z","Jordan Matter","Entertainment","""nidal wonder|salish matter|nalish|knotts berry farm|birthday surprise|best friends|say say matter|jordan matter|15th birthday|roller coasters|target""","28.12","none","11660037","255486","46531","26000000","0.02590189036278358","9339650713","US"
"Race Highlights | 2024 Sao Paulo Grand Prix","2024-11-03T18:43:53Z","FORMULA 1","Sports","""F1|Formula One|Formula 1|Sports|Sport|Action|GP|Grand Prix|Auto Racing|Motor Racing""","8.17","none","6653138","138811","9563","11200000","0.022301356142019","7315622433","Unknown"
"Girlfriend VS Sister! Who Knows Me Better?!","2024-11-03T14:00:18Z","Bryton Myler","Entertainment","""[none]""","17.77","none","636399","13580","2239","3510000","0.024857047229803943","971727550","Unknown"
"Ninja Warrior: Youtubers Edition (ft KSI, Niko & more)","2024-11-02T17:00:25Z","Deji","Entertainment","""ksi|clips|ksiclips|ksi clips|shorts|youtube shorts|ksishorts|ksi shorts|jj olatunji|sidemen|ksi shorts channel|ksi clips channels|minimintershorts|miniminter shorts|miniminter shorts channel|w2sclips|w2s clips channel|w2s shorts channel|sidemen sunday|#sidemensunday|ishowspeed|live speedy|speedy boykins|total wipeout|wipeout|challenge|w2s|fall guys|fall guys irl|chin|playing|ninja|gaiden|face|funny|faces|warriors|ninja warrior|Deji""","44.77","none","1899274","83602","1890","12300000","0.04501298917375797","4209422103","Unknown"
"OG CHAPTER 2 MEMES","2024-11-03T03:22:38Z","LazarLazar","Gaming","""[none]""","12.42","none","2143907","92034","2649","4590000","0.04416376270052759","378513210","AU"
"SPENT 24 HOURS IN MIAMI W/ DDOT & DD OSAMA","2024-11-04T21:16:53Z","Brooklyn Frost","People & Blogs","""Funny|Fun|viral|got|trendy|new|dd|Sdot|ddot|brooklyn|frost|YouTube|deshae|dog|dub""","36.77","none","174996","6263","363","1000000","0.0378637225993737","85683225","Unknown"
"I Busted EVERY Fortnite CHAPTER 2 Myth!","2024-11-03T17:40:53Z","McCreamy","Gaming","""fortnite|fortnite battle royale|fortnite gameplay|challenge|mccreamy|new|update|memes|funny moments|glitches|funny|gaming|epic games|fortnite glitches|fortnite glitch|free vbucks|fortnite vbucks|fortnite moments|new fortnite season|new fortnite|fortnite update|new fortnite update|fortnite new update|mcreamy|fortnite battlepass|fortnite challenge|fortnite mythic|fortnite chapter 2 remix|chapter 2|fortnite chapter 6|chapter 2 remix|fortnite myth""","16.38","none","599823","12577","554","10800000","0.02189145798010413","2626707190","NZ"
"HIGHLIGHTS | ENGLAND V NEW ZEALAND | AUTUMN NATIONS SERIES 2024","2024-11-02T17:39:56Z","Autumn Nations Series","Sports","""[none]""","7.68","none","654925","5910","1694","85700","0.011610489750734816","46700530","Unknown"
"WIN $50 CASH IF YOU CAN FINISH THIS GIANT MEATBALL SUB IN CHICAGO! | BeardMeatsFood","2024-11-03T19:00:33Z","BeardMeatsFood","People & Blogs","""calorie challenge|mukbang|cheat day|cheat meal|man vs food|eating challenge|eating challenge uk|food challenge|matt stonie|beardmeatsfood|beard meats food|beard meets food|beard vs food|adam moran|british competitive eater|fitness|eating channel|eating show|10000 calorie challenge|10k|massive eating challenge|huge eating challenge|100000 calorie challenge|chicago|meatball challenge|Fontano's challenge|chicago food challenge|italian food challenge""","10.47","none","2577787","106003","4132","4520000","0.0427246316317058","1450534685","GB"
"BEST BO6 ZOMBIES GLITCHES AFTER PATCH! (WALKING GODMODE GLITCH) NEW SOLO UNLIMITED XP/CAMO GLITCH!","2024-11-04T22:00:05Z","GUDPEXI the Gamer","Gaming","""BLACK OPS 6 GLITCH|BO6 GLITCHES|BO6 GLITCH|BLACK OPS 6 BOT LOBBY GLITCH|BO6 BOT LOBBY GLITCH|BO6 UNLIMITED XP GLITCH|BLACK OPS 6 XP GLITCH|BLACK OPS 6 ZOMBIES GLITCH|BO6 ZOMBIE GLITCHES|BO6 ZOMBIE GODMODE GLITCH|FAST WEAPON XP BLACK OPS 6|BLACK OPS 6 GODMODE GLITCH|UNLIMITED XP GLITCH BLACK OPS 6|BO6 ZOMBIES CAMO GLITCH|TRUE GODMODE GLITCH BO6 ZOMBIES|BO6 SOLO GODMODE GLITCH|BO6 INSTANT GODMODE GLITCH|BO6 SOLO UNLIMITED XP GLITCH|BO6 SOLO CAMO GLITCH|BO6""","4.42","none","67051","1150","193","50100","0.02002952976092825","8132172","CA"
"üç™ Oreo Coke vs Electric Pepsi ‚ö°Ô∏è","2024-11-04T02:20:40Z","Max Klymenko","Education","""[none]""","1.48","none","395641","28040","281","2080000","0.07158257106821589","2449907940","GB"
"Going BABY SHOPPiNG for the FiRST TiME! *we went a little CRAZY*","2024-11-03T14:02:00Z","JustParkers ","Entertainment","""kass and josh|justkass|nen|couples channels|notenoughnelsonss|justkass baby|justkass pregnant|sephora haul|sephora vlog|justparkers|just parkers|just kass|nen fam|hopescope|jordan matter|baby shopping|baby products|going baby shopping for the first time|we went a little crazy|first time baby shopping|pregnancy|pregnancy vlog|pregnant vlog|justkass nursery|justkass baby name""","23.6","none","585900","13959","1984","440000","0.027211128178870114","10867181","US"
"Exploring the Town That Made Internet & Phone Service Illegal (100% Disconnected)","2024-11-03T17:00:26Z","Yes Theory","Entertainment","""yestheory|seek discomfort|yes theory strangers|yes theory travel|yes theory subscribers|getting out of your comfort zone|Amazon FBA""","30.9","none","826212","35927","2480","9210000","0.04648564775142457","1142980345","US"
"Can I Make Titanium Damascus? Part 3","2024-11-03T19:53:21Z","Alec Steele","Entertainment","""alec steele|alex steele|steel|alec|damascus|blacksmith|make|forge|anvil|mill|lathe|weld|tig|mig|engineering|blacksmithing|blade|bladesmithing|knife|knifemaking|sword|handmade|diy|craft|woodworking|forged in fire|axe|fabrication|art|making|how to|maker|lord of the rings|game of thrones|restoring|restoration|forging|dagger|replica|prop|grinding|bevel|bevels""","21.47","none","690197","42593","1898","2550000","0.06446130597496078","511164689","GB"
"I Tested Restaurants with No Reviews","2024-11-02T15:01:03Z","Ryan Trahan","Entertainment","""Ryan|Trahan""","22.83","none","6241116","245126","11944","17600000","0.0411897487564724","3921528270","US"
"We Bought The RAREST Motorhome (driving it 2,000 miles home)","2024-11-03T15:00:17Z","Ambition Strikes","Autos & Vehicles","""Revcon|rev con|motorhome|rare|barn find|f350|powerstroke|diesel|7.3|trailblazer|Revlon trailblazer|rare car|van life|rv|vanlife|will it run|drive home|road trip""","44.52","none","460955","34325","1989","627000","0.07877992428762026","114296887","US"
"Hairdresser Reacts To Bleach Fails That Will Have You SOBBING","2024-11-03T19:15:07Z","Brad Mondo","Entertainment","""bradmondo|bradmondonyc|hairdresserreacts|hair fails bleach|how to bleach hair at home|bleach fail|hair fails|bleaching hair at home|at home|diy hair|how to|bleaching hair|gone wrong|box dye|broken hair|hairdresser|funny|edvasian|fail|highlights|funny fails|hair transformation|fall off|30 vol|bleaching hair fail|bleaching my hair|hair fail|video react|hair dye fail|how to color hair at home|Hairdresser Reacts To Bleach Fails That Will Have You SOBBING""","24.07","none","338560","22604","1053","8320000","0.06987535444234405","1900764862","US"
"Winter Shredathon Day 27 - Hamstrings With Short Hair","2024-11-03T18:00:10Z","Sam Sulek","People & Blogs","""[none]""","38.68","none","879442","36847","2569","3780000","0.044819328619738426","226060243","US"
"$10,000 If You Can Beat My Rock, Paper, Scissors Robot","2024-11-02T15:00:37Z","Mark Rober","Science & Technology","""[none]""","19.28","none","8248770","224421","11798","58900000","0.02863687555841659","8254447661","US"
"Digging Up a Mystery Egg That I Buried in My Giant Rainforest Vivarium","2024-11-03T12:01:07Z","AntsCanada","Pets & Animals","""ants|pets|terrarium|ant farm|antfarm|antscanada|animals|insects|exotic pets|myrmecology|science|education|ecosystem""","27.05","none","479276","25139","2147","6190000","0.05693170532219431","750987383","CA"
"FIRST DRIVE! TWIN TURBO V12 FERRARI SHAKEDOWN‚Ä¶","2024-11-04T14:00:07Z","DailyDrivenExotics","Autos & Vehicles","""[none]""","37.35","none","565422","52214","3626","4010000","0.09875809572319436","1590039822","CA"
"Making pop rocks from scratch (is complicated)","2024-11-02T22:35:02Z","NileBlue","Science & Technology","""nileblue|nile|blue|red|science|chemistry|pop|rock|rocks|sweet|pop rocks|candy|sugar""","29.7","none","2342949","156757","8472","2470000","0.07052180819983704","259931750","CA"
"Cherries STUN champions for first time in PL history! üò≤ | Bournemouth 2-1 Man City | EPL Highlights","2024-11-02T17:20:35Z","Sky Sports Premier League","Sports","""sky sports|premier league|football|Sky Sports live|Sky|Sports|sky sports football|premier league highlights|epl other 1920|Premier League|PL|EPL|Premier League 2024/25|Premier League Highlights|PL Highlights|EPL Highlights|Football Highlights|Sky Sports Premier League|Sky Sports Football|Sky Sports|epl highlights 1920|Bournemouth|AFC Bournemouth|Manchester City|Man City|AFCB|Bournemouth 2-1 Man City|bournemouth city highlights""","3.13","none","1564995","15273","1902","5220000","0.010974475956792195","4346136624","GB"
"Solo Winter Bushcraft Camping in Alaska","2024-11-02T11:00:42Z","Outdoor Boys","Entertainment","""Solo camping|camping|bushcraft|survival|Alaska|cold weather camping|cold weather survival|cold weather bushcraft|Camping Alaska|Alaska adventure|pack rafting|Floating river|winter camping|solo bushcraft|solo survival""","26.22","none","3737463","165157","0","10600000","0.04418960134187282","1941097040","US"
"Things will never be the same..","2024-11-03T19:51:44Z","FaZe Rug","Entertainment","""faze rug|rug|rugfaze|fazerug""","25.12","none","2944626","80286","25271","26700000","0.03584733680949635","9203361163","US"
"Livingstone and Hope Hit Tons | Highlights | West Indies v England | 2nd CG United ODI","2024-11-02T22:37:20Z","Windies Cricket","Sports","""cricket|cricket west indies|west indies|windies|west indies cricket team|cricket highlights|cricket highlights match today|west indies india Cricket|west indies india test|virat kohli|rohit sharma|jason holder|bcci cricket|india cricket highlights|liam livingstone|jacob bethell|Shai Hope|Brendon McCullum|Sam Curran|Phil Salt|Keacy Carty|Sherfane Rutherford|Jofra Archer|John Turner|West Indies v England|england|2nd CG united ODI|ODI cricket""","16.02","none","1401293","16983","350","4000000","0.012369290362543736","1292293956","AG"
"Wild Life: Episode 3 - THE SNAIL.","2024-11-02T15:00:08Z","Grian","Gaming","""grian|life series|episode 1|wild life|3rd life|grian life series""","45.15","none","1086593","73324","4680","8630000","0.07178768867460034","2531090252","GB"
"Shannon Sharpe üó£Ô∏è SAQUON BARKLEY HAD THE 'PLAY OF THE YEAR!' + Lions the BEST OVERALL? | First Take","2024-11-04T16:12:55Z","NFL on ESPN","Sports","""Stephen A. Smith|Shannon Sharpe|Dan Orlovsky|Molly Qerim|First Take|Philadelphia Eagles vs Jacksonville Jaguars|Saquon Barkley|Saquon Barkley backwards hurdle|Cowboys|Detroit Lions vs. Green Bay Packers|Lions|Stephen A.|Jared Goff|stephen a smith cowboys|cowboys stephen a smith|stephen a smith eagles|eagles stephen a smith|philadelphia eagles stephen a smith|stephen a smith philadelphia eagles|eagles stephen a.|stephen a.|stephen a. smith""","13.57","none","443895","6389","1274","555000","0.017263091496862996","371917633","US"
"$1 vs $500,000 Experiences!","2024-11-02T16:00:00Z","MrBeast","Entertainment","""[none]""","17.67","none","64771495","2907785","37476","328000000","0.04547156121685936","62676141167","US"
"SCARIEST Night of Our Lives!!üò±","2024-11-02T14:30:06Z","Nidal Wonder","Entertainment","""nalish|nailish|salish and nidal|are salish and nidal best friends|dating|broke up|addi|did nidal and addi break up|knotts|knotts berry farm|best friends""","8.17","none","1715990","41185","2785","3240000","0.025623692445760172","527567738","US"
"Pathetic Performance! (Lee Judges) | Newcastle 1-0 Arsenal","2024-11-02T15:20:06Z","AFTV","Sports","""afc|aftv|arsenal|arsenal fan tv|fan cams|arsenal tv|arsenal fan cams|gooners|premier league|robbie lyle|troopz|aftvmedia|martinelli|arteta|mikel arteta|aftv news|transfer daily|gabriel|aftv troopz|arsenal stream|arsenal watch along|bukayo saka|emile smith rowe|emirates stadium|football|soccer|sport|transfers|gabriel jesus|gunners|arsenal fc|transfer window|Title Race|Newcastle 1-0 arsenal|arteta newcastle""","10.75","none","263598","4373","2055","1680000","0.024385617493304198","1587548518","GB"
"I Met NewJeans!","2024-11-03T20:16:47Z","JasonTheWeen IRL","Entertainment","""jasontheweenie|jasontheween|stable ronaldo|plaqueboymax|faze|faze clan|amp|kai cenat|jasontheween vlog|newjeans|new jeans|new jeans jasontheween|newjeans jasontheween|jasontheween newjeans|jasontheween new jeans|jasontheween eta|eta|newjeans eta|new jeans eta|jason newjeans|meeting newjeans|i met newjeans|i met new jeans|new jeans bubble gum|new jeans how sweet|newjeans supernatural|super shy|eta jasontheween|newjeans vlog|hanni|hanni vlog|ditto""","34.1","none","370865","25350","1596","53600","0.0726571663543338","1552235","US"
"I Only Ate 'Healthy' Fast Food For 50 Hours","2024-11-03T15:00:23Z","Will Tennyson","People & Blogs","""fast food|i only ate|50 hours|i only ate healthy fast food for 50 hours|healthy fast food|mcdonalds|taco bell|burger king|wendys|chik fil a|starbucks|taste test|food challenge|diet|bodybuilding|fitness""","26.12","none","769407","29562","1802","3070000","0.040763860999445026","774166274","CA"
"Heaven","2024-11-04T09:03:24Z","TOMORROW X TOGETHER - Topic","Music","""TOMORROW X TOGETHER|Ìà¨Î™®Î°úÏö∞Î∞îÏù¥Ìà¨Í≤åÎçî|The Star Chapter: SANCTUARY|Heaven""","2.58","none","628901","64339","3076","83200","0.10719493211173142","780720459","Unknown"
"Chappell Roan - Pink Pony Club (Live On Saturday Night Live / 2024)","2024-11-03T07:11:04Z","ChappellRoanVEVO","Music","""Chappell Roan|Pink Pony Club|SNL|Midwest Princess""","4.83","none","787129","60418","1974","5760","0.07926527926172203","117599329","Unknown"
"My Roblox account was hacked.","2024-11-04T03:19:25Z","Flamingo","Gaming","""Family|friendly""","10.85","none","1233040","76336","9446","13000000","0.06956951923700772","11351946369","US"
"Reds back top! üîù | Liverpool 2-1 Brighton | Premier League highlights","2024-11-02T17:17:45Z","Sky Sports Premier League","Sports","""Premier League|PL|EPL|Premier League 2024/25|Premier League Highlights|PL Highlights|EPL Highlights|Football Highlights|Sky Sports Premier League|Sky Sports Football|Sky Sports|epl highlights 1920|Liverpool 2-1 Brighton|Salah|Salah goal|Mo Salah|Slot|Arne alot|liverpool highlights""","3.07","none","1506461","15333","1651","5220000","0.01127410533694533","4346136624","GB"
"Fortnite Chapter 2 Remix Official Trailer","2024-11-01T22:43:59Z","Fortnite","Gaming","""yt:cc=on|Snoop Dogg|D O Double G|Dogg House|Doggfather|Doggpound|Eminem|Slim Shady|Rap God|Berzerk|Mom‚Äôs Spaghetti|Spaghetti Grotto|Ice Spice|Rap Princess|Bronx|Baddie|In Ha Mood|Oh Shhh|Ice Isle|Juice|Juice WRLD|999|chapter 2|ch2|fortnite ch2|fortnite chapter 2|fortnite chapter two|chapter 2 remix|fortnite remix|remix|fortnite chapter 2 remix|chapter 2 og|fortnite trailer|fortnite cinematic|fortnite launch trailer|fortnite official trailer""","1.83","none","7092115","203950","20629","12700000","0.03166601218395359","2868172453","US"
"Minecraft Mob Battles: THE MOVIE","2024-11-02T17:36:20Z","Joll and Conk","People & Blogs","""[none]""","50.87","none","925598","25783","5274","462000","0.03355344328747469","43567732","US"
"RDCTV | D-Wade Statue, Hood Haunted House, Pilots Downplay Everything, and Album Sales","2024-11-04T00:22:45Z","RDCworld1","Film & Animation","""[none]""","10.45","none","331389","40381","1474","7040000","0.12630171792063105","1654478314","US"
"I Tested Lego Cars!","2024-11-03T16:00:25Z","Unspeakable Studios","People & Blogs","""unspeakable|vlog|vlogs|unspeakablegaming|prank|comedy|challenge|laugh|funny|moments|craziest|pranks|crazy|no cursing|no swearing|how to|parody|troll|video|react|family friendly|funniest|adventure|trolling|unspeakable vlogs|real life|life|unspeakable real life|unspeakableplays|behind the scenes|bts|unspeakable behind the scenes|unspeakable bts""","14.0","none","727670","10053","541","3090000","0.014558797256998365","649131178","US"
"Strapping a Tiny Camera on a Bass! (Underwater Footage)","2024-11-04T01:01:12Z","BamaBass","People & Blogs","""[none]""","31.15","none","263262","14859","816","1050000","0.0595414454041981","194418426","US"
"Qualifying Highlights | 2024 Sao Paulo Grand Prix","2024-11-03T12:49:51Z","FORMULA 1","Sports","""F1|Formula One|Formula 1|Sports|Sport|Action|GP|Grand Prix|Auto Racing|Motor Racing""","8.02","none","3090756","67520","3958","11200000","0.02312638073015146","7315622433","Unknown"
"The Snail .....üêå | Ep. 3 | Wild Life","2024-11-02T15:15:01Z","LDShadowLady","Gaming","""ldshadowlady|minecraft|mini game|girl gamer|pink hair|funny|walkthrough""","23.37","none","637375","43285","2671","7240000","0.07210198078054521","3489512947","GB"
"Club Penguin: Gone But Not Forgotten","2024-11-02T17:27:31Z","Burback","People & Blogs","""[none]""","36.85","none","812199","43250","2228","478000","0.05599366657678721","20258819","US"
"Nino Paid - Play This At My Funeral (Official Video) Dir: @Shotbyaddict","2024-11-04T17:00:06Z","Nino Paid","Music","""ninopaid|playthisatmyfuneral|cantgobacc|painmusic""","2.23","none","446039","37097","2463","38400","0.08869179600886919","7134574","Unknown"
"We Won Every Game at the State Fair!","2024-11-02T14:00:00Z","Dude Perfect","Sports","""dude perfect|dude perfect stereotypes|dude perfect water bottle flip|bottle flip|water bottle flip|dude perfect bottle flip|dude perfect basketball|dp|dude perfect world record|edition|nerf|trick shots|trick shot|family|ping pong|bowling|clean|family friendly|bubble wrap|soccer|football|spinner|spinners|fidget spinners|dude|mini games|state fair|carnival|stuffed animals|fair food|big tex|texas|prizes|battles""","14.72","none","2885913","79892","1852","60500000","0.028325178201837685","17859924740","US"
"ChupadaGhostf**kaween Sale!","2024-11-03T18:40:01Z","Vivziepop","Film & Animation","""Vivziepop|Zoophobia|helluva boss|helluvaboss|helluva boss merch|chupacadupra|ghostfuckers|ghostfuckers merch|chupacabras merch|halloween""","3.05","none","573354","43107","1702","10400000","0.07815241543618777","1485246681","US"
"I Got a Pet Alien (kinda)","2024-11-02T12:00:27Z","TerraGreen","Pets & Animals","""terragreen|terra|green|terra green|pet|pet dinosaur|pet alien|I got a pet alien|terragreen pet|aquarium|terrarium|dr plants|weirdest pet""","11.33","none","1295901","21537","2176","685000","0.018298465700697816","57223803","US"
"HIGHLIGHTS | All Blacks XV v Munster | 2024 (Limerick)","2024-11-02T21:40:28Z","All Blacks","Sports","""All Blacks|New Zealand Rugby|Rugby|Rugby Union""","12.02","none","421559","4009","765","964000","0.011324630715985188","406932880","NZ"
"Why Musical IQ Soars After 30","2024-11-02T19:23:09Z","Rick Beato","Music","""rick beato|everything music|rick|beato|music|music theory|music production|education|Brain|Your Brain on music|Aging|Improvisation|John Williams|Bach|Mozart|Beethoven|Miles Davis|John Coltrane|Pat Metheny|The Beatles""","9.63","none","1458873","56072","13417","4580000","0.04763197344799719","1043478479","US"
"I Busted 27 Myths in Chapter 2 Remix!","2024-11-02T21:23:21Z","Milo","Gaming","""fortnite|fortnite myths|busting myths in fortnite|I Busted 30 TikTok Myths in Fortnite|milo|soar milo|I Busted 42 Myths in Fortnite|busting tiktok myths|i busted tiktok myths in fortnite|fortnite battle royale|busting fortnite myths|busting myths|busting every fortnite myth|new fortnite|xp map fortnite|xp glitch fortnite|chapter 2 remix|chapter 2 fortnite|remix update fortnite""","8.28","none","297878","5236","463","1460000","0.019131993634978077","362394473","US"
"T1 vs BLG - Game 5 | Grand Final LoL Worlds 2024 | T1 vs Bilibili Gaming G5 full","2024-11-02T18:35:31Z","EpicSkillshot - LoL VOD Library","Gaming","""playoffs|finals|final|london|LoL|LCS|EU|NA|2024|paris|paris 2024|Worlds|World Championship|S14 Worlds|#worlds|esports|#esports|Season 14|S14|2024 Worlds|lol worlds 2024|lol worlds|lol esports vods|e-sports|lol esports|lolesports|league of legends|epicskillshot|game|play|match|pro|full game|HD|1080p|VOD|VODS|lol vods|worlds vods|T1 vs BLG|BLG vs T1|t1 blg|blg t1|Bilibili Gaming|BLG|Bin|Wei|Knight|Elk|ON|SK Telecom T1|T1|Faker|Oner|Khan|Gumayusi|Keria|Zeus""","42.28","none","667840","9538","1278","598000","0.016195495927168183","622604407","Unknown"
"Dallas Cowboys vs. Atlanta Falcons Game Highlights | NFL 2024 Season Week 9","2024-11-03T21:21:40Z","NFL","Sports","""[none]""","13.67","none","1395860","14924","2925","13400000","0.012787098992735661","10938454264","Unknown"
"1 Footballer from Every Position Competes for ¬£10,000","2024-10-31T17:10:43Z","ChrisMD","Entertainment","""[none]""","54.67","none","2738952","112529","2645","6120000","0.04205039007620433","1604980205","GB"
"What Liquid Is Required for Life?","2024-11-03T02:00:01Z","BradyYourTutor","Entertainment","""[none]""","1.88","none","2559988","181243","1107","1680000","0.0712308026443874","2484587730","US"
"Fortnite: Chapter 2 Remix Battle Pass (Full Showcase)","2024-11-02T07:06:08Z","ShuffleGamer","Gaming","""Fortnite|Fortnite Battle Royale|Battle Royale|Games|Gaming|Gameplay|Fortnite Chapter 2 Remix|Chapter 2 Remix|Fortnite Chapter 5|Chapter 5|New Fortnite|Fortnite New|Fortnite New Update|Fortnite Update|Fortnite New Season|Fortnite Battle Pass|New Fortnite Battle Pass|Fortnite Chapter 2 Remix Battle Pass|Chapter 2 Remix Battle Pass|Chapter 2 Remix Trailer|New|Season|Battle Pass|New Battle Pass|Fortnite OG Chapter 2 Battle Pass|Fortnite Chapter 5 Season 5""","4.67","none","613599","7331","1815","6030000","0.014905500171936394","1090658912","US"
"Tays drops game on Heather Bowling?! Locked In S5 EP3 | @Footasylumofficial","2024-11-01T19:00:17Z","Footasylum","Entertainment","""Footasylum|Yung Filly|Darkest Man|GK Barry|Nella Rose|Harry Pinero|Chunkz|Johnny Carey|Sharky|AJ Shabeel|Niko Omilana|King Kenny|Beta Squad|Sidemen|KSI|Locked In|Does The Shoe Fit|Chef Asylum|Stephen Tries|Bambino Becky|Max Khadar|Good Evening Britain|Liar Liar|Bad Bistro|Adeola Patronne|Chunkz & Filly|Philly|Young Filly|Chunks|BETA squad|Behzinga|Miniminter|Zerkaa|Tobjizzle|The Burnt Chip|tennessee|Chloe Burrows|Specs Gonzalez|Home Schooled""","45.72","none","1250320","22882","1513","2860000","0.019511005182673236","846964070","GB"
"3 years at the Off Grid cabin in the woods","2024-11-02T22:56:11Z","Bushradical","Howto & Style","""off grid cabin|offgrid cabin|cabin|remote cabin""","41.42","none","272685","19600","961","1090000","0.07540202064653355","135554129","US"
"Sword Master: Jer√≥nimo | Hero Intro | Whiteout Survival","2024-10-12T11:30:20Z","Whiteout Survival","Gaming","""whiteout survival|survival|whiteout|hero|Jer√≥nimo|snow|ice""","0.57","none","746334","11340","686","28600","0.016113429108147292","2864050","US"
"F1 Sprint Highlights | 2024 Sao Paulo Grand Prix","2024-11-02T15:14:12Z","FORMULA 1","Sports","""F1|Formula One|Formula 1|Sports|Sport|Action|GP|Grand Prix|Auto Racing|Motor Racing""","6.0","none","3988276","68321","3229","11200000","0.01794008238146006","7315622433","Unknown"
"Reload Desert Drop: New Map, Solos, and More","2024-11-01T22:43:59Z","Fortnite","Gaming","""yt:cc=on""","0.5","none","3357120","43770","2655","12700000","0.013828817557906777","2868172453","US"
"Adopting a Chihuahua","2024-11-01T13:49:40Z","Jonny Devaney","Entertainment","""[none]""","1.35","none","958199","76016","807","2540000","0.08017436878978167","1217030127","US"
"Skeleton Crew | Official Trailer | Disney+","2024-11-01T14:00:32Z","Star Wars","Entertainment","""star wars|skeleton crew|neel|disney+|star wars show|star wars kids|star wars kids show|pirates""","2.0","none","3409821","32695","5406","4110000","0.01117390033083848","1552452519","US"
"How Destructive Is Our Harpoon Cannon?","2024-11-01T22:00:11Z","How Ridiculous","Sports","""how ridiculous|rexy|44club""","22.5","none","781037","34669","1383","23000000","0.04615914482924625","13764386151","AU"
"This Is What Happens When a Psychopath Chooses Chaos - Once Human","2024-11-01T19:00:03Z","Let's Game It Out","Gaming","""let's game it out|lets game it out|let game it out|let'sgameitout|letsgameitout|letgameitout|game it out|gameitout|lgio|josh let's game it out|let's game it out josh|lgio josh|josh lgio|let's game it out simulator|josh simulator|funny moments|once human|once human game|once human gameplay|once human the way of winter|the way of winter|once human update|once human game guide|let's game it out once human|this is what happens|psychopath chooses chaos""","28.02","none","1522580","66821","2226","5790000","0.045348684469781554","1454805202","US"
"Squid Game: Season 2 | Official Teaser | Netflix","2024-10-31T19:00:05Z","Netflix","Entertainment","""2024|456|Childhood Games|Choi Seung-hyun|Coming Soon|Dec 26|Fandom|Gi-hun|Global Phenomenon|Jo Yu-ri|KContent|Kang Ae-sim|Kang Ha-neul|Lee Byung-hun|Lee Jung-jae|Netflix|News|Official Teaser|Park Sung-hoon|Pink Guards|Player 456 Front Man|Red Light Green Light|Season 2|Series|Squid Game|Squid Game 2|Squid Game Doll|Teaser|Teaser Trailer|Wi Ha-jun|Yang Dong-geun|Yim Si-wan|Young-hee""","1.88","none","15273051","448451","17326","29200000","0.030496657151213597","8971613599","US"
"BABYMONSTER - 'DRIP' M/V","2024-11-01T04:00:06Z","BABYMONSTER","People & Blogs","""BABYMONSTER|Î≤†Ïù¥ÎπÑÎ™¨Ïä§ÌÑ∞|Î≤†Î™¨|BABYMON|BAEMON|ÌïòÎûå|ÏïÑÌòÑ|Î£®Ïπ¥|ÏπòÌÇ§ÌÉÄ|ÌååÎ¶¨ÌÉÄ|Î°úÎùº|ÏïÑÏÇ¨|HARAM|AHYEON|RUKA|CHIQUITA|PHARITA|RORA|ASA""","3.12","none","50509236","1457958","77098","7320000","0.03039159016382667","2916580217","KR"
"BABYMONSTER - ‚ÄòCLIK CLAK‚Äô PERFORMANCE VIDEO","2024-11-03T04:00:07Z","BABYMONSTER","People & Blogs","""BABYMONSTER|Î≤†Ïù¥ÎπÑÎ™¨Ïä§ÌÑ∞|Î≤†Î™¨|BABYMON|BAEMON|ÌïòÎûå|ÏïÑÌòÑ|Î£®Ïπ¥|ÏπòÌÇ§ÌÉÄ|ÌååÎ¶¨ÌÉÄ|Î°úÎùº|ÏïÑÏÇ¨|HARAM|AHYEON|RUKA|CHIQUITA|PHARITA|RORA|ASA""","2.98","none","15169111","540075","18057","7320000","0.036793982191837084","2916580217","KR"
"Unc & Ocho RIP Ezekiel Elliott, Dak Prescott & lowly Dallas Cowboys after loss to Falcons | Nightcap","2024-11-04T05:31:28Z","Nightcap","Sports","""Nightcap|Shannon Sharpe|Ochocinco|Chad Johnson|Chad Ochocinco|Club Shay Shay|Nightcap Podcast|Shannon Sharpe Podcast|Ochocinco Podcast""","23.1","none","344641","7716","1316","1540000","0.026206980597201144","450874060","US"
"Ruud van Nistelrooy off to winning start! ‚úÖ | Man Utd 5-2 Leicester | Carabao Cup Highlights","2024-10-30T22:13:43Z","Sky Sports Football","Sports","""Carabao Cup|EFL Cup|League Cup|Carabao Cup 2024/25|Carabao Cup Highlights|EFL Cup Highlights|League Cup Highlights|Football Highlights|Sky Sports Football|Sky Sports Premier League|Sky Sports|Sky Sports Carabao Cup|carabao highlights 1920|Man Utd 5-2 Leicester""","4.57","none","1698570","16053","1954","567000","0.010601270480462978","485920294","GB"
"No. 4 Ohio State Buckeyes vs. No. 3 Penn State Nittany Lions Highlights | FOX College Football","2024-11-02T19:39:09Z","CFB ON FOX","Sports","""cfb on fox|cfb|college football|fox college football|fs1|fox sports|Colorado Buffaloes|Deion Sanders""","14.93","none","704706","6392","1319","236000","0.010942151762579004","136268279","US"
"Fortnite CHAPTER 2 is HERE!","2024-11-02T14:10:23Z","SypherPK","Gaming","""fortnite|fortnite battle royale|competitive|gaming|highlights|gameplay|fortnite highlights|fortnite tips|stream highlights|how to play|fortnite gameplay|sypher|new update|sypherpk|fortnite update|fortnite new patch|fortnite new item|everything epic didnt tell you|fortnite new update|fortnite leaks|fortnite event|mr beast fortnite|undercover|fashion show|Fortnite chapter 5|asianjeff""","13.0","none","1607021","45185","2489","9880000","0.02966607156969324","5043358780","US"
"MARIAH CAREY - IT'S TIME!!!! (2024)","2024-11-01T04:00:28Z","Mariah Carey","Music","""[none]""","0.92","none","2008768","150826","8230","11200000","0.07918087106126741","9188318968","US"
"skibidi toilet multiverse 043","2024-11-02T12:59:45Z","DOM Studio","Film & Animation","""skibidi|skibidi toilet|skibidi dom dom yes yes|Cameraman|Speakerman|tvman|Clockman|Drillman|Camera man|Speaker man|Tv man|Clock man|Titan Cameraman|Titan Tvman|skibidibopyesyesyes|TV show|Sfm|Blender|movie|war documentary|fiction|Secret episode|secret|New episode|Business|Skibidi multiverse|multiverse|Skibidi toilet multiverse|Horror|action|comedy|prank|Fortnite|worst|Best|Mrbeast|Challenge|surprise|Titan Speakerman|Titan Clockman|Titan Drillman|Anime|what""","5.05","none","3717799","172308","9531","10700000","0.04891039026047401","3654137444","GB"
"Planet X Returns! - Part 2","2024-11-02T15:00:07Z","SolarBalls","Education","""solarballs|solarball|cosmos|scifi|sci fi|space|galaxy|solar system|animation|fun|comedy|space animation|cartoon|shut up cartoons planets|shut up planet cartoon|spaceball|spaceballs|space balls|moon|moons|earth|luna|sun|planet X|big bang|the big bang|big bang theory""","8.05","none","496285","27859","4283","1480000","0.06476520547669182","309814902","GB"
"Tom Brady breaks down the Lions' DOMINANT win over the Packers | NFL on FOX","2024-11-04T01:04:15Z","NFL on FOX","Sports","""lions|packers|nfl|tom brady|NFL|NFC|Football|fs1|fox sports|fox sports 1|sports|sports news|NFL on FOX|trade rumors|AFC|AFC South|AFC North|NFC South|NFC North|NFC West|NFC East|AFC West|AFC East|2024 NFL regular season|national football league|latest NFL news""","4.5","none","198410","4252","699","74800","0.02495337936595938","125243832","US"
"England v Toa Samoa | 2nd International Test | Match Highlights","2024-11-02T16:41:18Z","NRL - National Rugby League","Sports","""Fox Sports|Games|Highlights|Matches|NRL|NRL 2023|NRL 23 highlights|NRL Full Match Replay|NRL Game Highlights|NRL Live|NRL Match Highlights|NRL Womens|NRL highlights|NRL pre-season|NRL trials|NRL23|NRLW|National Rugby League|Nine|Rugby|Rugby League|Rugby League Highlights|State of Origin|Telstra Premiership|Watch NRL|nrl 2023 highlights|nrl draw|nrl schedule|nrl trials|nrl women's highlights|rugby league highlights""","5.28","none","255721","2164","543","453000","0.010585755569546497","359864166","AU"
"GLITCHX 2024","2024-11-01T22:00:06Z","GLITCH","Film & Animation","""glitch|glitch productions|digital circus|the amazing digital circus|murder drones|Pomni|Uzi|Jax|Ragatha|Kinger|Gangle|Zooble|Caine|Bubble|3D|Animation|3D Animation|Indie Animation|Gummigoo""","54.52","none","1731917","132161","8602","12000000","0.08127583481194538","1323373200","AU"
"First To Get A Full Shiny Legendary Team Wins","2024-11-01T14:24:21Z","PM7","Gaming","""pokemon|pm7|pokemon randomizer|legends za|pokemon legends za|pokemon challenge|pm7 challenge|mandjtv|mandjtv plays|pm7 mandjtv|mandjtv pm7|john michael cup|jmc|jmc season 3|legendary pokemon|legendaries|shiny legendary pokemon|pm7 legendary pokemon|pokemon but everything is legendary|shiny legendary team|first to get a full shiny legendary team wins|pm7 shiny legendary team|pokemon randomly evolve every level|shiny pokemon|pokemon race|pokemen7 plays""","22.98","none","405151","18851","831","1030000","0.048579418537779744","254758773","US"
"I Found a WW2 German Spy Cave, Hidden in the American Desert?","2024-11-01T19:12:41Z","Desert Drifter","People & Blogs","""[none]""","25.2","none","411692","21141","2103","356000","0.05645968345267822","47630071","US"
"Microsoft Sucks at Everything","2024-10-31T22:22:23Z","NakeyJakey","Comedy","""[none]""","27.1","none","1555099","111658","8318","2060000","0.07715007211759509","217759464","US"
"Laufey - Santa Baby (Official Music Video)","2024-11-01T14:00:06Z","Laufey","Music","""laufey|laufey lin|chill|lyric video|everything i know about love|laufey video|jazz|jazzy|everything i know|layvay|lay vay|slow|Lauvey|Laufey|from the start|fts|visualizer|official visualizer|new music|tiktok|laufey tiktok|classical|ballerina|music school|new song|lyrics|lyric|bewitched|music video|new album|live|acoustic|christmas|holiday|a very laufey holiday|winter wonderland|winter""","4.05","none","2133595","106454","3743","1880000","0.05164850873760015","449183878","US"
"Yankees have the worst inning in World Series history, a breakdown","2024-11-02T00:49:08Z","Jomboy Media","Entertainment","""a breakdown|mlb|jomboy videos|jomboy|jake sucks|talkin yanks|jomboy podcast|tv podcast|just talkin podcast|mlb breakdowns|Talkin yanks|jomboy jake radio""","12.98","none","1531506","52799","5070","2010000","0.03778568285073646","1455242231","US"
"livin' like leah | halloween special with ppg :)","2024-11-02T01:44:24Z","Leah Kateb","People & Blogs","""[none]""","15.25","none","309611","22945","1229","222000","0.07807862123761752","1509519","Unknown"
"My dog (Oatmeal) insists on swimming (even when it's cold! ‚ùÑÔ∏è)","2024-11-02T13:00:25Z","Adria and Oatmeal","Music","""[none]""","1.08","none","504485","35319","113","1100000","0.07023400101093194","638135333","US"
"NickEh30 reacts to Fortnite Remix Live Event!","2024-11-02T05:26:50Z","Nick Eh 30","Gaming","""fortnite|fortnite gameplay|fortnite battle royale|fortnite funny moments|fortnite new update|fortnite victory royale|Fortnite Item Shop|Fortnite funny|Fortnite tips|Fortnite Update|Fortnite How To Win|Fortnite how to play|Fortnite Victory Royale|Fortnite tournament|fortnite best moments|Fortnite event|Nick eh 30|FORTNITE new map|Fortnite live|Fortnite nick eh 30|fortnite new season|Fortnite Chapter 5|Fortnite chapter 5 season 4|Fortnite season 4""","15.22","none","890740","15322","1196","8190000","0.01854413184543189","1480347452","CA"
"*NEW* Fortnite Chapter 2 REMIX Battle Pass! (Free Juice WRLD)","2024-11-02T07:26:00Z","Ali-A","Gaming","""fortnite chapter 2 remix battle pass|fortnite chapter 2 remix|fortnite chapter 2 remix battlepass|fortnite chapter 2|fortnite og 2 battle pass|fortnite og 2 battlepass|fortnite battle pass|fortnite|chapter 2|remix|battle pass|alia|ali a|new|juice wrld|snoop dog|ice spice|free|fortnite juice wrld|fortnite snoop dog|fortnite ice spice""","8.23","none","409528","7424","524","19200000","0.01940770838623977","6671069860","GB"
"""Barbering and Fashion: HoWStyle Infiuences Haircuts","2024-11-01T19:28:52Z","Tha Lagend Official ","Howto & Style","""[none]""","1.23","none","378824","24136","247","318000","0.06436498215530168","103900963","US"
"Cody Gakpo strikes TWICE as Reds progress! üí™| Brighton 2-3 Liverpool | Carabao Cup Highlights","2024-10-30T21:59:26Z","Sky Sports Football","Sports","""Sky Sports|Sky Sports Football|Carabao Cup|EFL Cup|League Cup|Carabao Cup 2024/25|Carabao Cup Highlights|EFL Cup Highlights|League Cup Highlights|Football Highlights|Sky Sports Premier League|Sky Sports Carabao Cup|carabao highlights 1920|Liverpool|Brighton 2-3 Liverpool|Premier League|EPL|football highlights""","4.68","none","958859","7285","445","567000","0.008061664958038669","485920294","GB"
"Lil Uzi Vert - Chill Bae [Official Music Video]","2024-11-01T04:00:08Z","LIL UZI VERT","Music","""Lil|Uzi|Vert|Lil Uzi Vert|Eternal Atake|Money Longer|LUV|Futsal Shuffle|That Way|Sanguine Paradise|XO Tour Life|XO Tour Llif3|Luv Is Rage|Luv is Rage 2|The Perfect LUV Tape|Worldstar|Akadmiks|Philly|Rap|Hip Hop|Atlantic Records|Generation Now|Roc Nation|nwE_BsjBSUw|New Patek|Je2OItlb4pY/edit|PLUTO X BABY PLUTO|PLUTO|Lil Uzi Vert Future|Lil Uzi Vert Future Pluto x Baby Pluto|Future|Future Pluto|Lil Uzi Pluto x Baby Pluto|Baby Pluto""","3.42","none","2823643","85622","5617","9840000","0.032312512594545414","5168439853","Unknown"
"G-DRAGON - POWER (Official Video)","2024-10-31T09:00:07Z","OfficialGDRAGON","People & Blogs","""[none]""","2.78","none","18596205","961748","81901","2920000","0.0561216119095267","370700207","Unknown"
"things that make me irrationally angry","2024-11-01T00:03:00Z","Ice Cream Sandwich","Comedy","""[none]""","9.22","none","1485084","144580","7193","3260000","0.10219825949239235","297516021","US"
"irl HAUNTED HOUSE ft. MrBeast, xQc, Logan Paul, Fanum & Lexi RiveraüéÉüëªüíÄ","2024-10-31T01:55:47Z","IShowSpeed","Gaming","""ishowspeed""","122.35","none","4821697","191732","7394","32900000","0.04129790818460803","3236113659","US"
"Spurs KNOCK OUT Premier League champions üò®| Tottenham 2-1 Man City | Carabao Cup Highlights","2024-10-30T22:31:44Z","Sky Sports Football","Sports","""Sky Sports|Sky Sports Football|Football League|Football Highlights|carabao highlights 1920|Goal|League Cup|League Cup Highlights|Tottenham Hotspur Stadium|Tottenham 2-1 Manchester City|Tottenham highlights|Man City highlights|Ange Postecoglou|Pep Guardiola|Timo Werner|Werner goal|Pape Sarr|Sarr goal|Nunes|Nunes goal|Bissouma clearance|Carabao cup draw|Carabao Cup round four|sky sports live|sky sports plus|spurs|guardiola|postecoglou|quarter-final""","2.85","none","855353","7017","1117","567000","0.009509524137987474","485920294","GB"
"The Nightmare in the Tunnels (#20)","2024-10-31T21:43:40Z","Settled","Gaming","""Mory|Morytania|Area|Maxing|Max|OSRS|UIM|End|Game|Ultimate|Ironman|Old|School|Runescape|RS3|Settled|Settledrs|Progress|Video|Tricks|Tips|Bossing|Skilling|2007|2007Scape|Dream|Gear|Items|Boss|Episode|Settled UIM|UIM Settled|OSRS Settled|Morytania UIM|Morytania Ironman|Mory Ironman|Maxed UIM|UIM Maxing""","16.17","none","397759","25736","1096","721000","0.06745793307002482","127141970","US"
"OPENING MY SIDEMEN SUNDAY PRESENT!","2024-10-30T19:05:59Z","Miniminter","Entertainment","""simon|sidemen|miniminter|mm7games|random|vlog""","19.93","none","1589826","57072","640","10400000","0.03630082788934135","4112040757","Unknown"
"Horror Games - Scott The Woz","2024-10-31T23:00:18Z","Scott The Woz","Gaming","""[none]""","30.03","none","541880","43404","2000","1940000","0.08378976895253562","726649896","US"
"Cabela's Dangerous Hunts 2011: A Cursed Hunting Game","2024-10-31T18:45:00Z","MandaloreGaming","Gaming","""cabela's dangerous hunts|cabela's dangerous hunts 2011|cabela's dangerous hunts 2011 review|cabela's|cabela's dangerous hunts review|cabela's 2011|cabela's game|cabela's 2011 review|dangerous hunts|dangerous hunts review|dangerous hunts 2011|dangerous hunts 2011 review|dangerous hunts game|cabela's dangerous hunts 2011 gameplay|dangerous hunts gameplay|mandaloregaming|mandalore gaming|mandalore|hunting pc game|dangerous hunts 2|dangerous hunts 2 review|cabela""","45.75","none","795246","41310","4286","904000","0.05733571750125119","234350804","US"
"Pacific Championships 2024 | Kumuls v Aitu | Match Highlights","2024-11-03T07:33:03Z","NRL - National Rugby League","Sports","""NRL|National Rugby League|Games|Matches|Highlights|Rugby|Telstra Premiership|Fox Sports|State of Origin|Nine|NRL Highlights|NRL Game Highlights|Rugby League Highlights|Rugby League|NRL Full Match|NRL Live|Watch NRL|NRL Match Highlights|Rugby league highlights|NRL 2023|NRL 2023 highlights|NRL23|NRL23 highlights|NRL scores|nrl schedule|nrl draw""","4.8","none","131078","1841","239","453000","0.015868414226643677","359864166","AU"
"The Weeknd - S√£o Paulo feat. Anitta (Official Music Video)","2024-10-31T00:00:07Z","TheWeekndVEVO","Music","""The Weeknd|Anitta|XO Republic Records""","3.5","none","9196980","408850","70253","10400000","0.052093513305454614","20247594452","CA"
"Young Thug Gives Heartfelt Speech Before Walking Out of YSL Trial","2024-10-31T23:00:39Z","Law&Crime Trials","Entertainment","""law and crime|law and crime network""","9.32","none","834732","16970","2600","552000","0.023444650498603146","181277024","US"
"World Cup Finals Import vs Domestic, Day 1 Qualifying! The EAGLE Has Landed!","2024-11-01T06:53:42Z","That Track Channel","Autos & Vehicles","""world cup finals|world cup finals 2024|world cup finals maryland|the best race ever|wcf 2024|maryland international raceway|mir 2024|maryland international raceway 2024|world cup finals day 0|world cup finals day 1|world cup finals testing|world cup finals qualifying|world cup finals live stream|world cup finals live|world cup drag racing|world cup finals import vs domestic|world cup drag racing 2024 live|world cup drag racing 2024|world cup qualifying""","26.35","none","407982","14460","947","33500","0.03776392095729714","8031407","Unknown"
"Spooky Month short: Kevin's Dream job","2024-10-31T18:00:06Z","Sr Pelo","Film & Animation","""Animation|Animacion|sr Pelo|pelo|Sir Pelo|spooky month|spooky short|skid|pump|kevin|lila|roy|robber|ross|susie|Jaune|Jack|John|Bob|Rick|Carmen|Dexter|Happy Fella|Candy|Candy shop|Moloch|Gregor|Radford|Cats|Skeleton|Pumpkin|Trick or treat|masks|costumes|dia de brujas|fnf|friday night funkin|boyfriend|spider|shadow|crying|centipede|dirt|insects|patty azure|morgue|guts|green|cosmic|stars|candy store|hatzgang|water balloon|Frank|tree|Dad|flashback|witch|Indie animation""","2.85","none","1271794","157213","7893","7010000","0.129821338990434","1637732248","MX"
"Tottenham Hotspur 2-1 Man City | Carabao Cup Highlights | Werner and Sarr send Spurs into quarters","2024-10-31T00:00:13Z","Tottenham Hotspur","Sports","""Spurs|Tottenham Hotspur|ÌÜ†Ìä∏ÎÑò|ÏÜêÌù•ÎØº""","8.17","none","3669382","50691","1848","3720000","0.014318214892862068","1405100189","GB"
"RUUD'S FIRST GAME! | Manchester United v Leicester City extended highlights","2024-10-31T00:21:01Z","EFL","Sports","""EFL|Goal|Save|Championship|League One|League Two|Sky Bet|Football|Soccer|Premier League|Yesterday|yesterdays|goals|Carabao Cup|League""","11.07","none","2739566","51252","2023","535000","0.019446510870699957","139581801","GB"
"Halloween Special: Mummies!","2024-10-31T15:00:28Z","Overly Sarcastic Productions","Education","""Funny|Summary|OSP|Overly Sarcastic Productions|Analysis|Literary Analysis|Myths|Legends|Classics|Literature|Stories|Storytelling|History|Mythology""","47.9","none","515270","40537","3340","2370000","0.08515341471461564","751678103","US"
"Tyler, The Creator - Chromakopia ALBUM REVIEW","2024-10-31T04:18:05Z","theneedledrop","Music","""album|review|music|reviews|indie|new|lyrics|listen|track|concert|live|update|the needle drop|anthony fantano|vlog|talk|discussion|music nerd|song|tyler the creator|rap|hip hop|noid|st chroma|reaction""","18.68","none","1290941","56055","4827","2940000","0.047160946937156695","1072151738","Unknown"
"Bobby Lashley comes face-to-face with Swerve Strickland at FRIGHT NIGHT! | 10/30/24, AEW Dynamite","2024-10-31T02:30:16Z","All Elite Wrestling","Sports","""aew|aew dynamite|aew dynamite highlights this week|aew dynamite highlights|all elite wrestling|pro wrestling|aew on tbs|aew rampage|aew highlights|aew zero hour|aew buy in|AEW TV|swerve strickland|shelton benjamin|prince nana|mvp|mvp aew|shelton benjamin aew|bobby lashley|bobby lashley aew|bobby lashley aew debut|aew fight forever""","11.6","none","1526593","38933","3766","4250000","0.02797012694280663","2379797235","US"
"MAKE THEM BELIEVE | T1 vs BLG: The Grand Finals |  Worlds 2024","2024-11-02T08:32:37Z","LoL Esports","Gaming","""Worlds 2024|worlds|league of legends|worlds league of legends|worlds 2024|esports|lck|lcs|lpl|cblol|lla|lec|pcs|vcs|swiss stage|worlds 2024 league of legends|lol esports|lol 2024|lol worlds 2024""","7.18","none","1567230","65422","4076","3770000","0.04434448038896652","1229896314","Unknown"
"FINAL FANTASY XIV Patch 7.1 - Crossroads","2024-11-01T11:03:22Z","FINAL FANTASY XIV","Gaming","""FF14|FFXIV|Final Fantasy XIV (Video Game)|„Éï„Ç°„Ç§„Éä„É´„Éï„Ç°„É≥„Çø„Ç∏„Éº|MMO|„Çπ„ÇØ„Ç¶„Çß„Ç¢„Éª„Ç®„Éã„ÉÉ„ÇØ„Çπ|„Çπ„ÇØ„Ç®„Éã|SQUARE ENIX|ÊºÜÈªí„ÅÆ„É¥„Ç£„É©„É≥„Ç∫|Shadowbringers|ÊöÅÊúà„ÅÆ„Éï„Ç£„Éä„Éº„É¨|Endwalker|ÈªÑÈáë„ÅÆ„É¨„Ç¨„Ç∑„Éº|Dawntrail""","3.43","none","119820","0","0","700000","0.0","297725106","JP"
"Lady Gaga - Disease (Official Music Video)","2024-10-30T01:00:34Z","LadyGagaVEVO","Music","""Lady Gaga|Interscope Records|Pop""","4.37","none","9151326","509068","48307","8890000","0.06090647410003752","15218947423","US"
"EPIC: The Musical - SAGAS 1-8 The Vengeance Saga release party","2024-10-31T04:00:16Z","Jorge Rivera-Herrans","Entertainment","""[none]""","56.6","none","1152028","96185","5418","577000","0.08819490498494828","231923578","Unknown"
"How Big Can Godzilla Get?","2024-11-01T01:00:16Z","EYstreem","Gaming","""Eystreem|eyestream|eystream|minecraft|roleplay|funny|troll|prank|secret|hidden|tutorial|minecraft phone|minecraft bedrock edition|How big can godzilla get|Minecraft but I become godzilla|fighting godzilla in minecraft|pranking my friend in minecraft|pranking my friend with godzilla in minecraft|minecraft ultimate boss|modded minecraft|I fooled my friends with godzilla in minecraft""","23.4","none","2209436","34751","2127","11100000","0.016691137466756222","4127966322","AU"
"Celtic 2-0 Dundee | Johnston and Engels Keep Celtic Top of the Table | William Hill Premiership","2024-10-31T00:00:31Z","SPFL","Sports","""SPFL|SPFL Highlights|Scottish football highlights|scottish football goals|Scottish Premiership|Scottish Premiership highlights""","5.1","none","142092","990","118","319000","0.007797764828421023","207105439","GB"
"Six Hundred Strike","2024-10-30T10:02:56Z","Jorge Rivera-Herrans - Topic","Music","""Jorge Rivera-Herrans|Steven Rodriguez|Cast of EPIC: The Musical|EPIC: The Vengeance Saga (Official Concept Album)|Six Hundred Strike""","3.53","none","1581782","42179","5226","45400","0.029969363667053994","137208320","Unknown"
"British Men Try Swedish Snacks","2024-10-30T13:08:02Z","James Marriott","Comedy","""James Marriott""","26.35","none","354129","20759","2330","2010000","0.065199404736692","224526501","GB"
"Have the coziest November in Hay Day","2024-10-31T07:50:00Z","Hay Day","Gaming","""Hay Day|HayDay|Supercell|Suprcell|Farming|Farm life|mobile|tablet|mobile game|game|yt:cc=on|ios|android|amazon|series|farmer|pig|horse|cow|sheep|goat|puppy|dog|kitten|cat|fishing|sanctuary|elephant|zebra|giraffe|hippo""","1.98","none","1100593","18706","864","2250000","0.017781323341144274","321386826","FI"
"Marvel Studios | Look Ahead | Disney+","2024-10-30T13:30:06Z","Marvel Entertainment","Entertainment","""marvel|comics""","1.88","none","1898258","83062","5055","21000000","0.04641992816571825","6258764596","US"
"Houston Texans vs. New York Jets Game Highlights | NFL 2024 Season Week 9","2024-11-01T03:44:50Z","NFL","Sports","""[none]""","12.37","none","2200234","24044","3129","13400000","0.012350050040132095","10938454264","Unknown"
"Dangerous","2024-10-30T10:01:07Z","Jorge Rivera-Herrans - Topic","Music","""Jorge Rivera-Herrans|TROY|Diana Rivera-Herrans|EPIC: The Vengeance Saga (Official Concept Album)|Dangerous""","3.4","none","1364399","35685","1562","45400","0.02729919913456401","137208320","Unknown"
"Deliver Justice! Clash of Clans New Season","2024-10-31T13:00:17Z","Clash of Clans","Gaming","""clash of clans|COC|Clash of Clans Gameplay|Clash of Clans Strategy|Clash of Clans Animation|Clash of Clans Commercial|Clash of Clans Attacks|Clash of Clans Town Hall|Hog Rider|PEKKA|Clan Wars|season challenges|clan war leagues|clash on|clan game|clan games|clash-a-rama|clasharama|justice|justice season|war machine scenery|Judgment King|Justice Queen|Grand Judge|Justice Scenery|clash of clans new season|clash season|hammer jam""","1.02","none","462575","15688","1319","20900000","0.03676592984921364","4704219063","Unknown"
"Nintendo Music ‚Äì Announcement Trailer","2024-10-30T22:04:08Z","Nintendo of America","Gaming","""nintendo|game|gameplay|fun|video game|action|adventure|rpg|play|switch|nintendo switch""","2.47","none","1301164","81632","15587","9620000","0.07471694575011298","3605783113","US"
"Lady Gaga, Bruno Mars - Die With A Smile (Live in Las Vegas)","2024-10-30T01:00:22Z","Bruno Mars","Music","""bruno mars|bruno|atlantic records|official video|pop music|R&B|funk|soul|bruno mars lady gaga|bruno mars lady gaga die with a smile|die with a smile|lady gaga bruno mars live|die with a smile live|lady gaga die with a smile|bruno mars die with a smile""","4.7","none","10652596","349027","11661","39100000","0.03385916447033192","21888905651","Unknown"
"I bought a BROKEN BUGATTI VEYRON! My first million dollar hooptie?","2024-10-30T17:48:17Z","Hoovies Garage","Autos & Vehicles","""[none]""","18.48","none","749358","41590","5310","1580000","0.06258690772634709","474735238","Unknown"
"Pure CHAOS! Jon Moxley, AEW World Champion, responds to Orange Cassidy! | 10/30/24, AEW Dynamite","2024-10-31T02:15:00Z","All Elite Wrestling","Sports","""aew|aew dynamite|aew dynamite highlights this week|aew dynamite highlights|aew on tnt|aew road to|all elite wrestling|pro wrestling|aew on tbs|aew rampage|aew highlights|aew rampage highlights|aew zero hour|aew buy in|AEW TV|jon moxley|pac|claudio castagnoli|marina shafir|wheeler yuta|orange cassidy|private party""","9.57","none","610145","12782","1110","4250000","0.02276835834105008","2379797235","US"
"MacBook Pro Announcement - October 30","2024-10-30T15:11:07Z","Apple","Science & Technology","""Apple|Apple announcement|keynote|MacBook Pro announcement|MacBook Pro|Apple Intelligence|October 2024""","16.88","none","23126483","70656","0","19800000","0.0030551986655299036","1199309524","US"
"BABYMONSTER - 'CLIK CLAK' M/V","2024-10-30T04:00:02Z","BABYMONSTER","People & Blogs","""BABYMONSTER|Î≤†Ïù¥ÎπÑÎ™¨Ïä§ÌÑ∞|Î≤†Î™¨|BABYMON|BAEMON|ÌïòÎûå|ÏïÑÌòÑ|Î£®Ïπ¥|ÏπòÌÇ§ÌÉÄ|ÌååÎ¶¨ÌÉÄ|Î°úÎùº|ÏïÑÏÇ¨|HARAM|AHYEON|RUKA|CHIQUITA|PHARITA|RORA|ASA""","2.92","none","45577225","1182891","57533","7320000","0.027215873717629804","2916580217","KR"
"Central Cee - One By One | A COLORS SHOW","2024-10-29T19:00:08Z","COLORS","Music","""colorsstudios|colorsberlin|All Colors Shows|A COLORS SHOW|colors|colorsxstudios|live session|live performance|colours|studios|Music Video|Central Cee|Doja|Central|Cee|Central C|Cench""","3.0","none","2037788","57670","2251","7730000","0.029404923377701703","3116392479","DE"
"Jimmy Fallon Gets Spooked By Spicy Wings | Hot Ones","2024-10-31T15:00:03Z","First We Feast","Entertainment","""First we feast|fwf|firstwefeast|food|food porn|cook|cooking|chef|recipe|cocktail|bartender|craft beer|spicy food|foodie|burgers|food documentary|PETER DINKLAGE|venom|venom last dance|kevin feige|marvel|mcu|sony marvel|spiderman|tom holland""","24.4","none","2177229","88637","3651","14100000","0.04238782415630143","4155582963","Unknown"
"Can I Break A Professional Course Record In One Try?","2024-10-30T19:42:35Z","Bryson DeChambeau","Sports","""bryson dechambeau|break 50|golf|golfing|golf match|pro golfer|bryson break 50|bryson dechambeau golf|bryson dechambeau highlights|Can I Break A Professional Course Record In One Try?|course record|public golf course|breaking golf course records|bryson dechambeau course record series|i broke the course record|breaking course records|professional golfer|Can I Break A Public Course Record In One Try?|professional golf course""","30.97","none","997962","24284","1725","1580000","0.026062114589533468","220656133","Unknown"
"Dodgers vs. Yankees World Series Game 5 Highlights (10/30/24) | MLB Highlights","2024-10-31T05:24:46Z","MLB","Sports","""mlb|baseball|sports|mlb highlights|sports highlights|baseball highlights""","15.35","none","4312517","58595","6637","5890000","0.015126201241641482","5834047098","Unknown"
"Please Stop Making Venom Movies","2024-10-30T22:26:27Z","The Cosmonaut Variety Hour","Entertainment","""[none]""","8.38","none","396330","23439","1663","1420000","0.0633361087982237","349480806","US"
"How to Ruin Geometry Dash","2024-10-30T19:00:06Z","GD Colon","Gaming","""gdcolon|gd colon|geometry dash|geometry dash lite|geometry dash free|battle pass|gacha|free games|if geometry dash was free|free mobile games being stinky and really really bad""","17.87","none","419946","26052","5556","686000","0.07526682001971682","164895041","CA"
"Atlas Goes Hands On","2024-10-30T13:44:10Z","Boston Dynamics","Science & Technology","""boston dynamics|atlas|electric atlas|robots|robotics|humanoid robot|boston dynamics atlas|boston dynamics electric robot atlas|what's new atlas|boston dynamics atlas parkour|boston dynamic robots|atlas robot|boston dynamics robot|boston dynamics atlas video|how does atlas work?""","2.88","none","1568730","59282","7302","3350000","0.042444525189165756","830046211","Unknown"
"I Got Every Fortnite Achievement","2024-10-29T02:32:39Z","LazarBeam","Gaming","""[none]""","31.88","none","3795414","133104","4351","22500000","0.03621607550586049","9587514319","AU"
"MILAN-NAPOLI 0-2 | HIGHLIGHTS | Lukaku and Kvaratskhelia sink Rossoneri | Serie A 2024/25","2024-10-29T22:17:57Z","Serie A","Sports","""Serie A|Dybala|highlights|Juventus|AC Milan|Inter Milan|Napoli|Roma|goals|full highlights|watch|partita|migliori gol|gol del mese|calcio|Italia|lukaku|Lazio|highlights serie a|highlights inter|highlights juventus|highlights milan|highlights juve|highlights roma|lautaro|lautaro martinez|inter|juventus|juve|liga italiana|liga italia|lega italiana|lega italia|milan-napoli 0-2|milan-napoli highlights|kvaratskhelia|neres|mctominay|gilmour""","2.37","none","1793122","34471","1117","9590000","0.019846948506571222","4143826907","IT"
"How Ruben Amorim Will Setup Man Utd","2024-10-29T17:41:59Z","Statman Dave","Sports","""statman dave|ruben amorim|ruben amorim sporting|ruben amorim tactics|ruben amorim manchester united|ruben amorim man utd|sporting tactics|sporting|sporting cp|sporting goals|ruben amorim next job|ruben amorim update|ruben amorim 23/24|ruben amorim 24/25|viktor gyokeres|gyokeres transfer|goncalo inacio|ousmane diomande|fabrizio romano|david ornstein|the athletic|tactics explained|next man utd manager|erik ten hag|man utd|manchester united""","24.07","none","459928","9302","1357","341000","0.02317536657911673","44292991","GB"
"Yeat & Quavo - 5BRAZY [Official Music Video]","2024-10-30T17:45:03Z","Yeat Music","Music","""yeat|summrs|lyfestyle|go2work|go to work|lyfe|afterlyfe|quavo|migos|offset|travis scott|huncho jack""","3.37","none","1066290","74546","4172","1320000","0.07382419416856577","751772058","US"
"Unc & Ocho in DISBELIEF over Tom Brady post after Gisele pregnancy announcement üò± | Nightcap","2024-11-01T13:00:17Z","Nightcap","Sports","""Nightcap|Shannon Sharpe|Ochocinco|Chad Johnson|Chad Ochocinco|Club Shay Shay|Nightcap Podcast|Shannon Sharpe Podcast|Ochocinco Podcast""","10.65","none","401226","8547","2319","1540000","0.027081993689342165","450874060","US"
"Judge Sends Young Thug Home After Over 700 Days in Jail","2024-10-31T23:30:18Z","Law&Crime Trials","Entertainment","""law and crime|law and crime network""","17.83","none","404231","7257","1964","552000","0.02281121437989664","181277024","US"
"The Most Fundamental Rule You've Never Heard Of","2024-10-29T12:09:04Z","Veritasium","Education","""veritasium|science|physics|Veritasium|math|quantum mechanics|Johann Bernoulli|Isaac Newton|principle of least action|problem of fastest descent|Snell‚Äôs Law|Pierre Louis Maupertuis|Fermat‚Äôs principle|Leonhard Euler|Joseph-Louis Lagrange|Hamilton‚Äôs principle""","32.73","none","4370098","196878","8111","16600000","0.0469071860631043","2891769897","US"
"‚ÄúTouch‚Äù Halloween Special Performance | KATSEYE","2024-10-30T15:02:37Z","KATSEYE","Music","""[none]""","2.7","none","2625812","178726","5216","900000","0.07005147360130885","307148492","Unknown"
"Nuketown Launch Trailer | Call of Duty: Black Ops 6","2024-10-29T17:00:11Z","Call of Duty","Gaming","""call of duty|cod|activision""","1.28","none","827562","33510","2922","7960000","0.044023287681164675","1616614186","US"
"This was one of the BIGGEST CHOKES EVER in the World Series...","2024-10-31T06:29:00Z","Gomer Simpson ","Gaming","""GomesDaLegend|MLB 23|MLB The Show 23|What To Do First MLB 23|MLB 23 Tips|Make Stubs Fast MLB 23|MLB 23 Gameplay|MLB 23 New Features|MLB 23 News|Market Tips MLB 23|New Legends MLB 23|Free Packs MLB 23|Fast XP MLB 23|Best XP Method MLB 23|Ballplayer Tips MLB|No Money Spent MLB|MLB 23 Tier List|Best Cards MLB 23|MLB 23 NMS|Battle Royale MLB|Ranked Seasons MLB|MLB Pack Opening|NMS MLB The Show|Baseball|MLB|PS5|XBOX|Gaming|Sports""","7.0","none","571671","8405","3034","13000","0.02000976085895559","5449406","US"
"A NEW WEEK WITH ME | VLOG | MOLLYMAE","2024-10-28T17:22:59Z","MollyMae","People & Blogs","""[none]""","34.3","none","844167","20359","583","1950000","0.024807887538840064","217652240","Unknown"
"Twenty One Pilots - Routines In The Night (Concert Film)","2024-10-30T17:00:06Z","twenty one pilots","Music","""twenty one pilots|twenty one pilots official|the clancy world tour|twenty one pilots live|tyler performing in pit|twenty one pilots show|clancy tour|clancy tour columbus|routines in the night live|twenty one pilots with fans|clancy album|nationwide arena|twenty one pilots hometown show|clancy live|21 pilots tour|21 pilots live|21pilots|tyler joseph|clancy tour live|clancy tour audience|twenty one pilots tv|overcompensate|i am clancy|next semester""","3.42","none","598997","64167","2807","13600000","0.11181024278919593","6203996840","US"
"S√£o Paulo","2024-10-31T00:04:07Z","The Weeknd - Topic","Music","""The Weeknd|„Ç∂„Ç¶„Ç£„Éº„ÇØ„Ç®„É≥„Éâ|„Ç∂„Éª„Ç¶„Ç£„Éº„ÇØ„Ç®„É≥„Éâ|Anitta|„Ç¢„Éã„ÉÉ„Çø|S√£o Paulo""","5.03","none","1703099","59421","959","255000","0.03545301829194897","6588005805","Unknown"
"Queer | Official Trailer HD | A24","2024-10-29T13:00:48Z","A24","Film & Animation","""a24|a24 films|a24 trailers|independent films|trailer|HD|official|movie|film|a24 movies|oscar winner|academy award winner""","2.15","none","2059350","35453","2123","1350000","0.018246534100565714","1210030953","US"
"BREAKING NEWS! The Election's Most Difficult Decision‚Ä¶","2024-10-29T19:45:11Z","CGP Grey","News & Politics","""cgpgrey|education|election|flags|maine""","4.0","none","1398275","92182","74","6510000","0.06597843771790242","1078982688","GB"
"can we build a fully ORANGE townhouse in the sims? | rainbow townhouses pt 2","2024-10-29T16:18:27Z","CarynandConnieGaming","Gaming","""the sims|ts4|sims build challenge|let‚Äôs build|sims 4 challenge|sims challenge|challenge|sims 4|carynandconnie|Caryn and connie|family friendly|build challenge|house building|sims 4 build|the sims 4|how to build|sims hacks|sims tips|sims tricks|sims cheats|speed build|speedbuilding|home decor|rainbow house|rainbow houses|rainbow townhouses|rainbow|townhouses|apartments|for rent|red house|color challenge|sims rainbow house|sims color challenge""","30.4","none","559517","45065","1802","1150000","0.08376331728973382","235045135","US"
"I Tested Ridiculous Product Claims","2024-10-29T17:43:08Z","Jack Pembrook","People & Blogs","""[none]""","23.17","none","601717","20696","1281","604000","0.0365238143512648","34117896","Unknown"
"We Fell For The Oldest Lie On The Internet","2024-10-29T15:00:09Z","Kurzgesagt ‚Äì In a Nutshell","Education","""[none]""","13.13","none","3471479","254780","10839","23100000","0.07651464980776206","3004389187","DE"
"I Bought The First 5 Things I Saw on TikTok Live","2024-10-29T00:43:15Z","Safiya Nygaard","People & Blogs","""i bought the first 5 things i saw on tiktok live|tiktok live haul|live shopping|qvc|highland crystal|wigs|crystal scoop|halara|windsor|athleisure|prom dress|haul|internet haul|shopping|tiktok|tiktok live|tiktok made me buy it|the internet made me buy it|safiya nygaard|safiya and tyler|sofia|sophia|safia""","29.05","none","1837454","95385","3595","10100000","0.05386801519929207","2027442006","US"
"The Many Sins of Halloween Decorations","2024-10-29T18:25:13Z","JonTronShow","Comedy","""jontron|jontronshow|halloween|decorations|funny|comedy""","13.55","none","899468","65392","3503","6520000","0.07659527631889072","1377161128","US"
"JUJU HAS IT ALL! | Brawl Stars Animation","2024-10-30T07:09:09Z","Brawl Stars","Gaming","""brawl stars|mobile game|mobile strategy game|mobile rpg|mobile battle royale|battle royale|supercell game|juju|brawler|brawl talk|spike|amber|colette|champion|hero|voodoo|doll""","0.88","none","7702575","214980","10681","20600000","0.029296826061414528","2941932208","FI"
"Mac mini Announcement - October 29","2024-10-29T15:20:31Z","Apple","Science & Technology","""Apple|Apple announcement|keynote|Mac mini announcement|Mac mini|Apple Intelligence|October 2024""","12.05","none","10008157","59596","0","19800000","0.00595474271636626","1199309524","US"
"Lil Uzi Vert - We Good [Official Audio]","2024-11-01T04:00:53Z","LIL UZI VERT","Music","""Lil|Uzi|Vert|Lil Uzi Vert|Eternal Atake|Money Longer|LUV|Futsal Shuffle|That Way|Sanguine Paradise|XO Tour Life|XO Tour Llif3|Luv Is Rage|Luv is Rage 2|The Perfect LUV Tape|Worldstar|Akadmiks|Philly|Rap|Hip Hop|Atlantic Records|Generation Now|Roc Nation|nwE_BsjBSUw|New Patek|Je2OItlb4pY/edit|PLUTO X BABY PLUTO|PLUTO|Lil Uzi Vert Future|Lil Uzi Vert Future Pluto x Baby Pluto|Future|Future Pluto|Lil Uzi Pluto x Baby Pluto|Baby Pluto""","2.1","none","446575","16534","1199","9840000","0.03970889548228181","5168439853","Unknown"
"Doodie Lo - My Bruddas Keeper (Official Video)","2024-10-29T17:18:41Z","Doodie Lo","Music","""Doodie Lo|Lil Durk|OTF|Free Lil Durk|King Von|Free Smurk|doodie lo smurkio flow|doodie lo me and doodie lo|doodie lo i swear to god|doodie lo istg|doodie lo streets raised me|sony a7s iii best settings|sony a7s iii|lil durk type beats|lil durk deep thoughts|doodie lo new music 2024|lil durk new music 2024""","2.8","none","639661","36587","3833","126000","0.06318972080523902","46973397","US"
"I do not recommend: 'Dragon Age: The Veilguard' (Review)","2024-10-28T15:05:10Z","Skill Up","Gaming","""skill up|skill|up|gameplay|games|guide|dragon age|dragon age bioware|dragon age the veilguard|the veilguard|new dragon age trailer|new dragon age game|dragon age release date|dragon age the veilguard release date|dragon age veilguard trailer|dragon age veilguard ign|dragon age veilguard gameplay|dragon age veilguard|dragon age veilguard character creation|dragon age veilguard classes|dragon age veilguard review|dragon age news|dragon age the veilguard review""","46.15","none","2096479","112086","28315","1030000","0.06696990525543066","267511319","AU"
"Denzel Curry, LAZER DIM 700 & Bktherula - Still In The Paint (Official Music Video)","2024-10-30T02:00:06Z","Lyrical Lemonade","Music","""waka flocka flame song|waka flocka lazer dim|lazer dim|denzel curry|zeltron|LAZER DIM 700|train music videos|subway music videos|lyrical lemonade music video|AMD Visuals|AMD music video|BK music video|hard in the paint music video|atlanta music videos|waka flocka flame music video|LAZER DIM music video""","4.35","none","1074087","94134","3949","22600000","0.09131755621285799","11823240866","US"
