title,channelTitle,category,channel_country,publishedAt,duration,view_count,likes,comment_count,engagement_rate
Mission: Impossible ‚Äì The Final Reckoning | Teaser Trailer (2025 Movie) - Tom Cruise,Paramount Pictures,Film & Animation,US,2024-11-11T14:00:07Z,2.02,15507151,244265,12779,0.0165758365285796
Stray Kids „ÄéGIANT„Äè Music Video,Stray Kids Japan Official YouTube,Music,Unknown,2024-11-12T15:00:08Z,2.97,1491750,375223,25862,0.268868778280543
Kalogeras Sisters GO ROLLERBLADING!,Kalogeras Sisters ,Entertainment,Unknown,2024-11-11T22:00:36Z,28.32,1585568,81607,6468,0.0555479172132636
FEEDING STARVING INFLUENCERS FT. DUKE DENNIS,Quenlin Blackwell,Entertainment,US,2024-11-10T20:00:36Z,51.57,3032817,202370,8742,0.0696092115020457
Deadpool and Blind Al Have a Big Announcement,Ryan Reynolds,Entertainment,US,2024-11-12T14:53:18Z,0.27,416672,23477,751,0.0581464557253667
"My Chemical Romance - ‚ÄúLong Live"": The Black Parade North American Tour",My Chemical Romance,Music,Unknown,2024-11-12T18:00:03Z,1.33,138919,21605,3317,0.1793995061870586
Overwatch: Classic | Official Trailer | Overwatch 2,PlayOverwatch,Gaming,US,2024-11-11T17:00:06Z,1.5,1333945,65272,8902,0.0556049912102822
I Went UNDERCOVER in Nick Eh 30's Chapter 2 Hide & Seek!,CouRage Gaming,Gaming,Unknown,2024-11-11T22:00:38Z,19.97,987186,20062,627,0.0209575500462932
Coming In 2025 | Disney+,Disney Plus,People & Blogs,US,2024-11-12T14:00:09Z,1.97,697830,15246,1251,0.0236404281845148
She kept her secret lover in the attic for 10 YEARS and no one knew?!,Bailey Sarian,Entertainment,US,2024-11-11T20:00:33Z,29.65,513080,29446,1621,0.0605500116940827
Season 01 Battle Pass Trailer | Call of Duty: Warzone & Black Ops 6,Call of Duty,Gaming,US,2024-11-12T15:00:52Z,1.17,216987,9329,1168,0.0483761700009678
Duke Dennis reacts to him and Quenlin BlackWell's cooking show episode!,DukeDennis LIVE,Entertainment,Unknown,2024-11-11T07:15:49Z,48.75,733748,32570,1205,0.0460307898624595
"Rebuilding A Flooded $2,000,000 McLaren P1 | Part 15",Tavarish,Autos & Vehicles,US,2024-11-11T17:00:06Z,54.72,1420305,88079,3814,0.0646994835616293
SUPER NINTENDO WORLD Direct (Donkey Kong Country) 11.11.2024,Nintendo of America,Entertainment,US,2024-11-11T22:14:54Z,11.03,815925,34805,2431,0.0456365474767901
ATEEZ(ÏóêÏù¥Ìã∞Ï¶à) - 'Ice On My Teeth' Official MV Teaser 1,KQ ENTERTAINMENT,Music,Unknown,2024-11-12T15:00:06Z,0.62,217696,52613,3153,0.2561645597530501
ÊãøÊü¥ÊàøÈÄ†‰∫Ü‰∏Ä‰∏™Ê£ÆÊûóË°£Â∏ΩÈó¥~I turned my woodshed into a woodland cloakroom.‰∏®Liziqi Channel,ÊùéÂ≠êÊüí Liziqi,Howto & Style,CN,2024-11-12T09:00:19Z,14.58,1280756,131272,21472,0.1192608115831587
I'm Going To War With Mike Tyson.,Jake Paul,People & Blogs,Unknown,2024-11-12T13:04:25Z,13.25,294132,11356,1563,0.0439224565841186
Marvel Animation‚Äôs What If‚Ä¶? Season 3 | Official Trailer | Disney+,Marvel Entertainment,Entertainment,US,2024-11-11T17:00:22Z,2.33,3390504,148592,9835,0.0467266813429507
IT‚ÄôS TIME!!! Our Big Life Update and VLOGMAS!,Ryland vlogs,People & Blogs,US,2024-11-11T19:14:26Z,37.6,326126,16470,1710,0.0557453254263689
"Air fryers are simpler than you think, but still pretty neat",Technology Connections,Science & Technology,US,2024-11-11T14:28:46Z,19.65,910818,62420,6330,0.0754816000562132
MVP Face 2 Face: Paul vs Tyson | Taylor vs Serrano,Jake Paul,People & Blogs,Unknown,2024-11-11T00:35:35Z,30.15,1962630,36943,8931,0.023373738300138
There's Something LIVING in our Wall,The Royalty Family,People & Blogs,US,2024-11-10T16:41:13Z,24.3,4522189,64239,11380,0.0167217690370747
How Solid State Cooling Could Change Everything,Undecided with Matt Ferrell,Science & Technology,US,2024-11-12T13:16:47Z,16.02,237399,10835,606,0.0481931263400435
Noem tapped for Sec. of Homeland Security,KELOLAND News,News & Politics,US,2024-11-12T12:21:59Z,0.68,48661,597,706,0.0267770904831384
"Your game has ONE chance to raise my heart rate, or you're banned.",DougDougDoug,Gaming,US,2024-11-10T22:07:03Z,36.57,770411,42420,1592,0.0571279485884806
Killa Season,YoungBoy Never Broke Again - Topic,Music,Unknown,2024-11-09T02:04:37Z,3.07,123295,4298,37,0.0351595766251672
Why hasn‚Äôt balance of power in the US House been declared?,FOX 61,News & Politics,US,2024-11-11T23:49:20Z,3.92,101601,874,696,0.0154526038129545
Captain America: Brave New World | Official Trailer,Marvel Entertainment,Entertainment,US,2024-11-09T21:16:06Z,2.63,13157909,302051,18017,0.0243251416315464
Haitian gangs open fire on Spirit Airlines flight from Florida,10 Tampa Bay,News & Politics,US,2024-11-11T22:28:46Z,0.48,130638,946,593,0.0117806457539154
MVP Uncut: Paul vs. Tyson | Episode 1,Most Valuable Promotions,Sports,US,2024-11-11T17:50:15Z,9.98,374154,7066,1320,0.0224132309156122
The Largest Successful Heists in History,Good Enough,Education,US,2024-11-12T00:19:53Z,12.78,298670,14679,548,0.0509826899253356
Jinx Gameplay Sneak Peek | 2XKO,2XKO,Gaming,Unknown,2024-11-11T16:00:07Z,1.0,526698,20042,889,0.0397400407823838
This EV is Sacrilegious..,Auto Focus,Autos & Vehicles,Unknown,2024-11-11T22:26:38Z,18.27,561927,21027,1256,0.0396546170587994
I Built a Dark Academia Gaming Room,Nerdforge,Entertainment,NO,2024-11-11T16:34:16Z,28.85,512423,52271,2368,0.1066287032393159
Going to the Worlds Largest Gas Station!,Jake Webber,Entertainment,Unknown,2024-11-11T15:56:50Z,19.22,680322,41649,1991,0.0641460955253541
Bridget Jones: Mad About the Boy | Official Trailer,Universal Pictures,Entertainment,US,2024-11-12T16:00:08Z,2.53,124015,2831,264,0.0249566584687336
"Sketch's $20,000,000 House Tour!",The Sketch Real,Gaming,US,2024-11-11T13:55:05Z,18.38,412491,10751,622,0.0275715106511414
Gladiator II - Movie Review,Jeremy Jahns,Entertainment,Unknown,2024-11-11T14:00:43Z,6.08,512446,25937,2657,0.0557990500462487
This Season on Yellowstone | Paramount Network,Yellowstone,Entertainment,US,2024-11-11T02:59:54Z,1.02,236091,2057,429,0.0105298380709133
ENHYPEN (ÏóîÌïòÏù¥Ìîà) 'No Doubt' Official MV,HYBE LABELS,Music,KR,2024-11-11T08:56:07Z,3.08,17854287,568286,46961,0.0344593430138095
HIGHLIGHTS | ENGLAND V AUSTRALIA | AUTUMN NATIONS SERIES 2024,Autumn Nations Series,Sports,Unknown,2024-11-09T18:05:11Z,5.22,877489,9819,1838,0.0132844970136377
"Marvel Studios‚Äô Thunderbolts* | D23 Brazil Special Look | In Theaters May 2, 2025",Marvel Entertainment,Entertainment,US,2024-11-09T21:05:18Z,3.68,7709070,156794,8231,0.0214066028716823
I Found Rarest Secret Mobs In Minecraft,PrestonPlayz,Gaming,US,2024-11-12T13:00:37Z,22.48,420659,9568,766,0.0245662163415022
YELLOWSTONE Season 5 Episode 9 Ending Explained,BrainPilot,Entertainment,GB,2024-11-11T10:17:29Z,8.12,148901,943,513,0.0097783090778436
No. 20 Colorado Buffaloes vs. Texas Tech Red Raiders Highlights | FOX College Football,CFB ON FOX,Sports,US,2024-11-10T01:01:56Z,15.07,1319775,14920,1544,0.0124748536682389
SNEAKiNG SALiSH OUT of her HOUSE!! üò≤ Ft/ Jordan Matter,NEN FAM,Film & Animation,US,2024-11-09T15:27:06Z,30.97,3111997,51988,4757,0.0182342720767404
Daydream,ENHYPEN - Topic,Music,Unknown,2024-11-11T09:00:03Z,2.02,490377,82306,3802,0.175595511208723
The worst time of my life...,jacksepticeye,Education,IE,2024-11-10T17:00:08Z,17.57,1984937,193171,12445,0.103588174335004
British College Students try Philly Cheesesteak for the first time!,JOLLY,Entertainment,GB,2024-11-11T15:52:33Z,10.3,591938,28102,1740,0.0504140636350428
Last to Leave Fruit Snack Factory!,Unspeakable Studios,People & Blogs,US,2024-11-10T16:00:17Z,13.52,784922,12634,1225,0.017656531477013
First Class on Luxury Disney Cruise,Trek Trendy,Travel & Events,GB,2024-11-10T23:48:23Z,28.98,418981,13220,877,0.03364591711796
Stephen A. SUSPECTS Micah Parsons' comments about Mike McCarthy is something bigger üëÄ | First Take,ESPN,Sports,US,2024-11-11T16:15:36Z,13.2,619799,7245,2163,0.0151791145193845
STEELERS MOVE TO 7-2 | Are they true contenders? | The NFL Today,NFL on CBS,Sports,US,2024-11-10T22:37:47Z,9.4,247865,3798,593,0.0177152885643394
"Tyla - ""Water"" / ""PUSH 2 START"" | 2024 EMAs",MTV,Entertainment,US,2024-11-11T00:28:30Z,3.85,523230,29480,1332,0.0588880606998834
I Hired A F1 Driver To Beat My Friends At Go Karting,Max Fosh,Comedy,Unknown,2024-11-10T17:15:01Z,14.4,1256248,55399,1040,0.044926638689176
President-elect Trump appoints Tom Homan as 'border czar',KGW News,News & Politics,US,2024-11-11T15:16:28Z,0.35,240115,3024,2210,0.0217978885117547
I built the World's BIGGEST Dog House!,The Ninja Fam!,Travel & Events,US,2024-11-09T13:00:14Z,17.05,2275261,26235,3562,0.0130960799662104
"LE SSERAFIM - ""Chasing Lightning"" / ""Crazy"" | 2024 EMAs",MTV,Entertainment,US,2024-11-10T22:08:02Z,4.4,654377,54555,4090,0.0896195923756489
Largest November snowstorm in decades hits Colorado,CBS Evening News,News & Politics,Unknown,2024-11-10T02:17:28Z,2.03,1111910,5415,1093,0.0058529916989684
Pittsburgh Steelers vs. Washington Commanders | 2024 Week 10 Game Highlights,NFL,Sports,Unknown,2024-11-10T21:56:12Z,12.75,1262018,17659,2293,0.0158096001800291
Pokemon Go Speedruns are Insane,PointCrow,Gaming,US,2024-11-10T20:20:58Z,23.22,293507,17359,640,0.0613239207242076
Kevin O‚ÄôConnell‚Äôs Locker Room Speech After Minnesota Vikings Win Over Jacksonville Jaguars,Minnesota Vikings,Sports,US,2024-11-10T23:11:07Z,2.77,101566,2575,398,0.0292716066400173
The Biggest Week 10 Takeaways! The Chicago Bears & New York Jets Are A DISASTER,Football Analysis,Sports,US,2024-11-11T04:36:12Z,15.15,186578,5091,793,0.0315364083654021
DABABY: Sundae Conversation with Caleb Pressley,Sundae Conversation,Entertainment,US,2024-11-10T14:15:02Z,4.62,432537,16726,622,0.0401075514927046
Stellar Blade - NieR:Automata DLC Trailer | PS5 Games,PlayStation,Gaming,US,2024-11-11T15:00:24Z,0.72,500633,28945,2172,0.0621553113757982
Denver Broncos vs. Kansas City Chiefs | 2024 Week 10 Game Highlights,NFL,Sports,Unknown,2024-11-10T21:44:00Z,12.65,1551020,19426,2914,0.0144034248430065
FIGHT HIGHLIGHTS | BOOTS ENNIS VS. KAREN CHUKHADZHIAN,DAZN Boxing,Sports,US,2024-11-10T06:35:13Z,10.22,537380,8235,2971,0.0208530276526852
Film Theory: Help Me Solve the Impossible! (Gravity Falls),The Film Theorists,Film & Animation,US,2024-11-10T18:05:00Z,14.38,719626,42016,2372,0.0616820403932042
Game Theory: Wooly SOLVES Amanda The Adventurer 2?!,The Game Theorists,Gaming,US,2024-11-09T18:05:00Z,23.53,1283619,68206,3476,0.0558436732394892
Latest: Control of House of Representatives remains in limbo,We Are Iowa Local 5 News,News & Politics,Unknown,2024-11-10T23:39:56Z,1.62,467368,1832,1454,0.0070308621899659
We Had to Leave our Boat...Here‚Äôs Why,Gone with the Wynns,Travel & Events,US,2024-11-10T14:00:15Z,19.7,303175,24361,3053,0.0904230230065143
REAL MADRID GOLE√ì 4-0 al OSASUNA con HAT TRICK DE VINICIUS. GOLAZO de BELLINGHAM | La Liga | RESUMEN,ESPN Deportes,Sports,US,2024-11-09T14:57:21Z,12.35,2735816,37923,3403,0.0151055480339321
"Bart Scott, Willie Colon, & crew react to Jets' 31-6 loss vs Cardinals | Jets Post Game Live | SNY",SNY,Sports,US,2024-11-11T00:30:25Z,6.5,83060,949,565,0.0182277871418251
FREE Forgotten Honda CRX Parked 16 Years! Will It RUN AND DRIVE 700 Miles? (Special Guest Tavarish),Vice Grip Garage,Autos & Vehicles,US,2024-11-08T23:30:10Z,182.27,2006476,70416,9937,0.0400468283697387
"I Bought the SAME DRESS for $15, $50, $500, $5000",HopeScope,Howto & Style,US,2024-11-09T14:30:19Z,21.6,2193457,80603,3560,0.0383700250335429
OFFICIALLY Dried In!! | Building Our Own Home In 90 Days,Ambition Strikes,Autos & Vehicles,US,2024-11-10T15:00:20Z,52.28,401657,27296,986,0.0704133128515126
"1 dead, 16 injured in Tuskegee University shooting",FOX54 News Huntsville,News & Politics,US,2024-11-11T03:21:24Z,0.98,139428,926,465,0.0099764753134234
Donald Trump speaks after winning the 2024 Presidential Election,Fox News,News & Politics,US,2024-11-06T08:09:45Z,25.37,18887830,321927,33353,0.0188099956426969
Road to UNREAL ft. LazarBeam,Lachlan,Gaming,AU,2024-11-09T14:01:51Z,33.45,1233457,35589,603,0.0293419227423412
Fall 2024 Anime in a Nutshell,Gigguk,Film & Animation,GB,2024-11-09T21:00:27Z,23.2,1014302,64114,2688,0.0658600692890283
Game Changer Teaser - Ram Charan | Kiara Advani | Shankar | Dil Raju - Shirish,Dil Raju,Entertainment,IN,2024-11-09T12:34:57Z,1.52,46713303,552388,22390,0.0123043750513638
Six Hundred Strike [EPIC: The Musical] Full Animatic,Duvetbox,People & Blogs,Unknown,2024-11-09T23:57:12Z,3.53,326980,0,2303,0.0070432442351214
I Built A Secret Man-Cave In My House,Hangtime,Entertainment,US,2024-11-09T15:32:22Z,25.08,643207,23126,1969,0.0390154336006915
Inter Miami CF vs. Atlanta United | Audi 2024 MLS Cup Playoffs | Full Match Highlights,Major League Soccer,Sports,Unknown,2024-11-10T03:36:27Z,7.38,1345408,17692,3574,0.0158063576253448
AMP DRESS TO IMPRESS IRL,AMP,Entertainment,US,2024-11-08T20:05:14Z,29.87,2188439,97485,2967,0.0459012108630855
Raising Tadpoles to Frogs (50 Day Evolution),TerraGreen,Pets & Animals,US,2024-11-09T13:00:43Z,14.05,935389,17252,1243,0.0197725224478799
üö® Vinicius Jr. Hat Trick üö® Real Madrid vs. Osasuna | LALIGA Highlights | ESPN FC,ESPN FC,Sports,US,2024-11-09T15:24:29Z,10.15,619256,8170,1039,0.0148710710917617
The Horrors Of Deviantart w/Meatcanyon,beerpup,Pets & Animals,Unknown,2024-11-09T17:00:24Z,24.63,519715,39575,1621,0.0792665210740502
I Built My Dog the Safest Base in Minecraft,Bionic,Gaming,US,2024-11-10T00:00:07Z,27.45,775604,18155,1141,0.024878675200231
Resumo: Braga 2-4 Sporting (Liga 24/25 #11),VSPORTS - Liga Portugal,People & Blogs,PT,2024-11-10T21:41:32Z,4.78,1121275,21053,1024,0.0196891931060622
"KAROL G, Feid, DFZM ft. Ovy On The Drums, J Balvin, Maluma, Ryan Castro, Blessd - +57",KarolGVEVO,Music,US,2024-11-08T00:00:06Z,5.03,20796712,968771,106523,0.0517050002904305
The Making Of: Deals of Desire | A Walmart Black Friday Deals Production,Walmart,Entertainment,US,2024-10-28T15:19:26Z,2.9,145848,360,40,0.002742581317536
My Daughter Survives SEVEN SISTERS,Jordan Matter,Entertainment,US,2024-11-09T15:00:07Z,27.1,6813725,97033,12529,0.0160796040345038
Australia v Pakistan | Third ODI | ODI Series 2024-25,cricket.com.au,Sports,AU,2024-11-10T10:20:00Z,8.02,4600552,83581,4511,0.0191481370061679
learning to fight on the Lifesteal SMP,rekrap2,Gaming,US,2024-11-09T14:30:30Z,24.02,731072,38561,2101,0.0556196927252035
Highlights: Liverpool vs Aston Villa (2-0) | Nunez & Salah counter-attacking brilliance,Liverpool FC,Sports,GB,2024-11-10T00:00:02Z,2.22,2579824,53384,2290,0.0215805419284416
I Cooked Against Robots,Nick DiGiovanni,People & Blogs,US,2024-11-09T17:00:06Z,16.95,5343643,128418,7959,0.0255213531293164
SECRET LEGO PIECES you've NEVER SEEN...,TD BRICKS,Entertainment,US,2024-11-08T17:47:56Z,7.32,2578988,29027,2004,0.0120322390022753
HIGHLIGHTS | IRELAND V NEW ZEALAND | AUTUMN NATIONS SERIES 2024,Autumn Nations Series,Sports,Unknown,2024-11-08T22:53:49Z,7.12,523850,5179,1240,0.0122535076834971
Brandon Lake - Hard Fought Hallelujah (Music Video),BrandonLakeVEVO,Music,Unknown,2024-11-08T17:00:06Z,5.5,1003010,54531,3460,0.0578169709175382
I'M TALKING RIGHT NOW!!!!!!!,JaidenAnimations,Film & Animation,US,2024-11-08T18:00:01Z,1.42,3091640,297428,10303,0.0995364919589602
I Give Up... This Season Is Ridiculous üòÇ,GOAT,People & Blogs,Unknown,2024-11-09T15:00:55Z,28.27,454874,11941,819,0.0280517242137383
SPEND THE WEEK WITH ME | VLOG | MOLLYMAE,MollyMae,People & Blogs,Unknown,2024-11-10T19:16:45Z,36.48,531594,14760,768,0.0292102619668393
A STAR IS BORN! Keyshawn Obliterates Lemos in Two,Top Rank Boxing,Sports,US,2024-11-09T04:57:30Z,3.42,320104,6815,2093,0.0278284557518806
Why You Can't Travel Between Hawaii's Islands by Boat,RealLifeLore,Education,US,2024-11-08T20:23:34Z,24.73,1922144,33075,3460,0.0190074208800173
ROUND OF THE YEAR! Abdullah Mason Shows His Toughness,Top Rank Boxing,Sports,US,2024-11-09T03:22:25Z,4.73,474722,10470,2465,0.0272475259204334
"FULL SEGMENT: Sami Zayn and Roman Reigns reunite: SmackDown, Nov. 8, 2024",WWE,Sports,Unknown,2024-11-09T04:05:16Z,11.35,2253258,66606,4111,0.0313843332632126
The House of Representatives race is still waiting to be called in the United States,FOX 61,News & Politics,US,2024-11-08T23:44:37Z,2.1,1106680,3930,3090,0.00634329706871
Kevin Gates - FEEL (Official Music Video),kevingatesTV,Music,Unknown,2024-11-08T05:00:02Z,3.65,1081167,49634,3023,0.0487038542611825
Princess Kate‚Äôs Stunning Arrival at the Royal Albert Hall ‚ÄòFestival of Remembrance‚Äô 2024,The King‚Äôs Guards Channel (fan account),Travel & Events,GB,2024-11-09T19:37:37Z,2.07,1252403,3726,418,0.0033088390877377
Buttler Smacks 83 off 45 | Highlights | West Indies v England | 2nd T20I,Windies Cricket,Sports,AG,2024-11-11T04:19:58Z,14.02,1406809,17519,572,0.0128595992775138
Unseen Footage of Roman Reigns and Sami Zayn after WWE Smackdown 11/8/24 Goes Off Air!,Matt Kempke,Sports,US,2024-11-09T03:52:46Z,1.57,972950,18026,386,0.0189238912585436
Donald Trump wins Arizona and its 11 electoral votes,FOX 10 Phoenix,News & Politics,US,2024-11-10T04:39:20Z,0.37,193146,1981,832,0.0145641121224358
YoungBoy Never Broke Again - Sneaking [Official Video],YoungBoy Never Broke Again,Music,US,2024-11-08T03:41:23Z,2.63,1287186,82454,4104,0.0672459147318258
"$73 vs $1,800 Transmission Upgrades | HiLow",Donut,Autos & Vehicles,US,2024-11-08T16:00:30Z,26.05,1053128,40658,1574,0.040101488138194
Will Freeze Drying + Resin Preserve a Pumpkin Forever?,Evan and Katelyn,Howto & Style,US,2024-11-08T16:25:16Z,39.77,760238,47244,3992,0.0673946842962335
Mufasa: The Lion King | Final Trailer,Disney,Entertainment,Unknown,2024-11-08T19:20:38Z,2.4,4196940,29599,0,0.0070525192163814
Moon Knight: Fist of Khonshu | Character Reveal | Marvel Rivals,Marvel Rivals,Gaming,US,2024-11-09T14:01:51Z,0.77,154070,10565,782,0.0736483416628805
"Customizing 10,000 Shirts Like Never Before!",How Ridiculous,Sports,AU,2024-11-08T22:00:23Z,21.82,602664,24490,1522,0.0431616954057318
How Minecraft Mobs Act when you leave‚Ä¶,EYstreem,Gaming,AU,2024-11-09T01:00:23Z,18.85,1905930,24623,1730,0.0138268456868825
Games That Hide Their Own Sequels,Jacob Geller,Gaming,Unknown,2024-11-08T16:28:24Z,32.83,539040,35851,1492,0.0692768625704957
XG - HOWLING (Official Music Video),XG,Music,JP,2024-11-08T09:00:07Z,3.35,4512695,336655,13952,0.0776934847136799
We ARE MOViNG OUT of Our DREAM HOUSE! *Huge Shock*,JustParkers ,Entertainment,US,2024-11-08T17:26:03Z,23.15,843459,19067,2582,0.0256669263117709
FREE CHESTS & HAMMER JAM ARE HERE! | Clash On!,Clash of Clans,Gaming,Unknown,2024-11-08T08:00:06Z,0.88,5949872,89014,3674,0.015578150252644
Need some time,Markiplier,People & Blogs,US,2024-11-09T17:55:53Z,2.12,1924875,264611,17742,0.1466864082083252
YoungBoy Never Broke Again - Missing Everything [Official Video],YoungBoy Never Broke Again,Music,US,2024-11-08T02:20:12Z,3.72,1318243,90633,6523,0.0737011309750933
Tyla - PUSH 2 START (Official Music Video),TylaVEVO,Music,Unknown,2024-11-07T22:00:06Z,2.65,3678932,203680,10435,0.0582003146565361
jschlatt ‚Äî Santa Claus Is Coming To Town (Official),Schlatt & Co.,Music,US,2024-11-07T16:30:15Z,2.3,2244192,321123,18253,0.1512241376851891
THE BOYFRIEND TAG...,morgans vlogs,People & Blogs,US,2024-11-08T19:16:02Z,18.67,389435,26722,2962,0.0762232464981319
VIDEO: Escaped monkeys spotted in woods near South Carolina facility,FOX Carolina News,News & Politics,US,2024-11-09T00:08:37Z,1.7,385843,1400,1138,0.0065778049621218
Election results LIVE: AP race calls and electoral map 2024,Associated Press,News & Politics,US,2024-11-06T10:19:30Z,706.57,13141497,37381,846,0.0029088771241206
"Donald Trump ‚Äòacted like a man‚Äô, says Putin",The Times and The Sunday Times,News & Politics,GB,2024-11-07T20:21:50Z,1.32,4171293,79203,15930,0.0228065973787983
"En Mi Mundo - Jasiel Nu√±ez, Peso Pluma (Video Oficial)",Jasiel Nu√±ez,Music,MX,2024-11-08T00:00:07Z,5.32,3328995,83019,2055,0.0255554604317519
LIVE: Kamala Harris concession speech after election loss (FULL),Associated Press,News & Politics,US,2024-11-06T21:51:07Z,13.62,4179744,23704,8642,0.0077387514642045
"IVE, David Guetta - Supernova Love Official Music Video",IVE,Entertainment,KR,2024-11-08T05:00:04Z,2.57,3329064,198527,20881,0.0659068134466624
One Pokeball to Catch the Stronger Pok√©mon,MandJTV Plays,Gaming,US,2024-11-08T14:15:04Z,27.95,339097,18615,878,0.0574850264083728
House control remains unclear as votes continue to be counted,TODAY,News & Politics,Unknown,2024-11-09T18:30:23Z,2.48,781401,3579,4683,0.0105733163894082
Zach Bryan - High Road,Zach Bryan,Music,Unknown,2024-11-08T01:02:05Z,3.33,330073,9296,1427,0.0324867529304123
2025 GRAMMY Nominations: Watch Live Here,Recording Academy / GRAMMYs,Music,US,2024-11-08T16:40:56Z,18.77,392177,11265,2220,0.0343849843310546
"NHL Highlights | Canadiens vs. Sabres - November 11, 2024",NHL,Sports,US,2024-11-11T20:29:19Z,10.2,124152,1065,196,0.010156904439719
Phil Salt Hits 103* off 54 Balls | Highlights | West Indies v England | 1st T20I,Windies Cricket,Sports,AG,2024-11-10T00:53:54Z,14.0,1295332,18520,434,0.0146325420818755
Genshin Impact Version 5.2 Special Program #GenshinImpact #NewVersion #SpecialProgram,Genshin Impact,Gaming,US,2024-11-08T12:00:07Z,36.2,1284191,61164,4336,0.0510048738855824
"I 3D Printed a $1,175 Chair",Morley Kert,Howto & Style,Unknown,2024-11-07T15:04:22Z,16.52,2218977,61509,2931,0.029040409161519
Suspiciously Slow | Ep. 4 | Wild Life,LDShadowLady,Gaming,GB,2024-11-09T15:38:24Z,19.23,569715,40233,1992,0.0741160053711066
Hammer Jam Film: A New Character appears!,Clash of Clans,Gaming,Unknown,2024-11-07T12:00:19Z,1.43,3367649,91254,3411,0.0281101148011565
Blockbuster QB Trades - Which Was The Worst? (since 2000),KTO,Sports,US,2024-11-07T22:01:27Z,36.23,220078,6951,535,0.0340152127881932
BIG NEWS!,jschlattLIVE,Entertainment,US,2024-11-07T16:30:03Z,1.13,1435651,155432,5061,0.1117910968612845
THE POWER SYSTEMS! | Real Life Power Armor (Part 2/6),Hacksmith Industries,Science & Technology,CA,2024-11-07T21:00:28Z,29.53,1039381,54816,2489,0.0551337767382701
Take All My Money Supercell üôè,SnakeThug - Brawl Stars,Gaming,DE,2024-11-07T19:26:52Z,30.32,1499219,71253,2400,0.0491275790928476
MISS GRAND INTERNATIONAL 2024  GRAND FINAL,GrandTV,Entertainment,TH,2024-10-25T15:44:42Z,216.0,16111931,334950,7374,0.0212466153187969
GARNACHO WONDER GOAL! UGARTE SUPERB! MANCHESTER UNITED 3-0 LEICESTER GOLDBRIDGE MATCH REACTION,The United Stand,Sports,GB,2024-11-10T16:27:40Z,25.15,266071,7485,430,0.029747698922468
Triangle Indian community speaks on Usha Vance making history,CBS 17,News & Politics,US,2024-11-07T04:24:19Z,2.18,372283,6515,2126,0.0232108369170765
Yungeen Ace - Used To This (Official Music Video),Yungeen Ace,Music,US,2024-11-06T21:00:07Z,2.9,717071,37085,1725,0.0541229529572385
Australia v Pakistan | Second ODI | ODI Series 2024-25,cricket.com.au,Sports,AU,2024-11-08T10:01:03Z,8.08,4693261,82365,4418,0.0184909810044657
The M4 Mac Mini is Incredible!,Marques Brownlee,Science & Technology,US,2024-11-07T14:00:39Z,11.75,4808354,151941,7710,0.0332028382269691
Dead by Daylight | Doomed Course | Official Trailer,Dead by Daylight,Gaming,CA,2024-11-07T16:30:05Z,0.72,361993,22035,2593,0.0680344647548433
12 Dumb Mistakes You Made in Pok√©mon,MandJTV,Gaming,US,2024-11-07T13:15:03Z,28.72,415727,21486,5402,0.0646770597050468
I Found Rarest Secret Rooms In Minecraft,PrestonPlayz,Gaming,US,2024-11-07T13:00:37Z,24.42,1321004,30309,3706,0.025749354279018
Eddsworld - Pinheads,Eddsworld,Film & Animation,GB,2024-11-07T17:10:28Z,6.75,643825,74713,6197,0.1256707956354599
11/07/24: President Biden Addresses the Nation,The White House,News & Politics,US,2024-11-07T16:34:23Z,7.18,136205,2730,0,0.0200433170588451
Stranger Things 5 | Title Tease | Netflix,Stranger Things,Entertainment,US,2024-11-06T14:00:00Z,1.05,3373659,130574,5844,0.0404362148041636
Kamala Harris supporters react to Trump winning the 2024 election,Associated Press,News & Politics,US,2024-11-07T02:00:27Z,1.63,1061171,6545,7918,0.0136292831221358
M4 Mac Mini Review - Apple NAILED It.,Dave2D,Science & Technology,CA,2024-11-07T14:00:49Z,10.58,746675,23015,1487,0.0328148123346837
Yailin La Mas Viral - Bing Bong (Video Oficial),Yailin La Mas Viral,Music,DO,2024-11-06T00:00:06Z,2.07,5531309,199822,25570,0.040748401508576
MultiVersus - Official Raven ‚ÄúToo Dark to Care‚Äù Gameplay Trailer,MultiVersus,Gaming,Unknown,2024-11-07T13:55:26Z,1.3,439726,19663,2233,0.0497946448470183
Apex Legends: From the Rift Launch Trailer,Apex Legends,Gaming,US,2024-11-07T16:00:06Z,1.27,337887,13067,1082,0.041874946357806
HIGHLIGHTS | ENGLAND V NEW ZEALAND | AUTUMN NATIONS SERIES 2024,Autumn Nations Series,Sports,Unknown,2024-11-02T17:39:56Z,7.68,716427,6311,1739,0.0112363157725769
Which Mario Odyssey Capture Survives The Longest?,RedFalcon,Gaming,US,2024-11-06T23:09:13Z,39.65,500961,12123,1087,0.0263693181704763
ATEEZ(ÏóêÏù¥Ìã∞Ï¶à) - [GOLDEN HOUR : Part.2] Preview,KQ ENTERTAINMENT,Music,Unknown,2024-11-07T15:00:00Z,2.87,388133,60391,3583,0.1648249440269186
Area 99 Launch Trailer | Call of Duty: Warzone,Call of Duty,Gaming,US,2024-11-07T14:00:05Z,1.5,328734,12309,1158,0.0409662523499242
"Bobby Lashley & The Hurt Syndicate lay out their mission statement! | 11/6/24, AEW Dynamite",All Elite Wrestling,Sports,US,2024-11-07T03:05:00Z,6.45,616371,16745,1767,0.03003385947749
Absolute Superman: The Most Brutal Superman Ever,Comics Explained,Entertainment,US,2024-11-06T17:51:17Z,21.68,448158,22287,1368,0.0527827239500354
YouTuber Soccer Saturday PUB CRAWL!,The Fellas,People & Blogs,GB,2024-11-07T18:30:19Z,21.13,861666,29666,485,0.0349915164344421
ROS√â Needs a Stress Ball While Eating Spicy Wings | Hot Ones,First We Feast,Entertainment,Unknown,2024-11-07T16:00:00Z,21.73,3182292,220643,8866,0.0721206602034005
democrats deciding who to blame right now,Man Carrying Thing,Comedy,Unknown,2024-11-06T21:22:11Z,0.2,485569,36771,3533,0.0830036513863117
"FIXING THE $30,000 PROBLEM ON MY NISSAN GTR",Mat Armstrong MK2,Autos & Vehicles,GB,2024-11-07T18:00:36Z,43.48,1684162,68558,2681,0.0422993750007422
I Tried EVERY Viral TikTok Food Hack!,FaZe Rug,Entertainment,US,2024-11-06T21:30:54Z,31.43,3386539,70522,5092,0.0223278101920574
The Most Insane Weapon You Never Heard About,Kurzgesagt ‚Äì In a Nutshell,Education,DE,2024-11-05T15:00:02Z,13.93,5052143,214983,11056,0.0447412117986367
"Counterparts ""A Martyr Left Alive"" / ""No Lamb Was Lost"" (Official Music Video)",Pure Noise Records,Music,US,2024-11-07T15:00:25Z,6.35,99310,7998,733,0.0879166247105024
Angel Edgar VS Demon Mortis - Animation,Brawl Stars,Gaming,FI,2024-11-06T09:15:40Z,1.15,10124886,335107,13661,0.0344466100655355
Kodak Black - Catch Fire [Official Music Video],Kodak Black,Music,Unknown,2024-11-05T07:20:39Z,2.73,951671,45069,2975,0.0504838331734391
"KCAL News Anchor, Emmy-Award winner Chauncy Glover dies at 39",KCAL News,News & Politics,Unknown,2024-11-06T01:30:12Z,6.9,1245979,15021,3424,0.0148036202857351
Americans react to Donald Trump's presidential election win | USA TODAY,USA TODAY,News & Politics,US,2024-11-06T15:26:00Z,1.6,287147,2138,1888,0.0140206932337792
finally responding to halle...,PontiacMadeDDG,Howto & Style,US,2024-11-07T22:43:50Z,12.93,480347,31085,3697,0.0724101534932038
Nino Paid - Play This At My Funeral (Official Video) Dir: @Shotbyaddict,Nino Paid,Music,Unknown,2024-11-04T17:00:06Z,2.23,1283508,67948,3226,0.0554527124100512
Why Are Cooling Towers Shaped Like That?,Practical Engineering,Education,US,2024-11-05T14:00:59Z,19.8,2183055,75429,2818,0.035842889895124
Future - BRAZZIER (Official Music Video),FutureVEVO,Music,Unknown,2024-11-05T02:00:37Z,3.33,1492840,54673,2381,0.0382184293025374
Chuckle Sandwich is Ending.,Chuckle Sandwich,Comedy,Unknown,2024-11-06T00:55:55Z,50.18,519719,37160,5868,0.0827908927709012
Ludwig Eats His Last Meal,Mythical Kitchen,Entertainment,US,2024-11-05T11:01:04Z,43.43,1338054,68820,2457,0.0532691505723984
SPEED vs NOAH LYLES üèÉüèæüí® (FASTEST MAN ALIVE),IShowSpeed,Gaming,US,2024-11-07T00:59:17Z,39.33,2414050,91821,5678,0.0403881444046312
Donald Trump elected next U.S. president,ABC7,News & Politics,Unknown,2024-11-06T13:50:48Z,2.33,757834,8148,6052,0.0187376127225751
What if everyone pointed a laser at the moon?,xkcd's What If?,Science & Technology,US,2024-11-05T17:51:51Z,5.62,1647389,89915,3361,0.056620506753414
HIGHLIGHTS - Real Madrid vs Milan | UEFA Champions League 24/25 | TUDN,TUDN USA,Sports,US,2024-11-05T22:23:24Z,15.23,748242,6531,905,0.0099379612478315
Election Touchscreen Map Takes Deeper Look Inside Key Swing Voter | Onion News Network,The Onion,Comedy,Unknown,2024-11-04T18:00:04Z,3.18,2211165,142242,4508,0.0663677292287097
More on Donald Trump being elected 47th President of the United States,FOX8 WGHP,News & Politics,US,2024-11-06T11:19:53Z,2.53,212302,1979,971,0.0138953000913792
"HIGHLIGHTS Sporting CP 4-1 Man City | Foden, Gyorkeres hat-trick & Araujo goals",Man City,Sports,GB,2024-11-05T23:00:09Z,2.32,5822760,76823,3937,0.0138697112709436
Apex Legends: From the Rift Gameplay Trailer,Apex Legends,Gaming,US,2024-11-05T16:00:11Z,2.48,601400,22313,2612,0.0414449617559028
Real Madrid vs. AC Milan: Extended Highlights | UCL League Phase MD 4 | CBS Sports Golazo,CBS Sports Golazo,Sports,US,2024-11-05T22:55:39Z,12.98,1051074,12864,1974,0.0141169889084878
"Biden calls Trump, invites him to White House ahead of transition",FOX 32 Chicago,News & Politics,US,2024-11-06T23:23:03Z,6.28,294004,4195,2481,0.0227071740520537
