title,channelTitle,category,channel_country,date,time,duration,view_count,likes,engagement_rate,tags
Gy√∂keres Hat-Trick DESTROYS Man City! üî• | Sporting 4-1 Man City | UEFA Champions League Highlights,TNT Sports,Sports,GB,11/5/2024,22:32:48,5.98,1380304,21964,0.01775406,"""TNT Sports|TNT Football|TNT|Discovery|Eurosport|Warner Bros.|Cricket|Football|UFC|Boxing|Premier League|Arsenal|Liverpool|Manchester United|Chelsea|Tottenham|Manchester City|Tyson Fury|Oleksandr Usyk|Joe Joyce|Bukayo Saka|Erling Haaland|Mohamed Salah|Bruno Fernandes|Conor McGregor|Dana White|MMA|Khabib Nurmagomedov|Moto GP|UEFA Champions League|Real Madrid|UEFA Europa League|UCL|UEL|Soccer|Tennis|Rugby|Olympics|Cycling|Baseball|WWE|Wrestling|Golf|F1|Sport"""
Donald Trump speaks after winning the 2024 Presidential Election,Fox News,News & Politics,US,11/6/2024,8:09:45,25.37,17317674,295220,0.018571316,"""Fox News Channel|FNC|Fox News|News|donald trump|swing states|battleground states|electoral college|2024 election|harris campaign|2024 elections|trump campaign|2024|2024 presidential election|fox news|fox news media|fox news channel|fox news network|politics|democrats|republicans|democratic party|republican party|trump v harris|trump live|trump speaking live|trump press conference|trump press briefing|2024 election results|donald trump live"""
Luis Diaz scores brilliant HAT-TRICK üî• | Liverpool v Leverkusen UEFA Champions League Highlights,Amazon Prime Video Sport,Sports,GB,11/5/2024,22:22:54,4.82,142484,2004,0.01527189,"""Amazon Prime Video Sport|Premier League|Cricket|Sports|Football|Soccer|Champions League|Champions League highlights|Liverpool|Leverkusen|Liverpool Champions League|Leverkusen Champions League|Mo Salah|Mo Salah Football|Mo Salah Champions League|Luis Diaz|Luis Diaz Football|Luis Diaz Champions League|Cody Gakpo|Cody Gakpo Football|Cody Gakpo Champions League|Virgil van Dijk|Virgil van Dijk Football|Virgil van Dijk Champions League"""
PIEFACE outruns attack dog AND overnight intrusion?! Locked In S5 EP6 |  @Footasylumofficial,Footasylum,Entertainment,GB,11/5/2024,19:00:33,46.12,826891,21733,0.027946852,"""Footasylum|Yung Filly|Darkest Man|GK Barry|Nella Rose|Harry Pinero|Chunkz|Johnny Carey|Sharky|AJ Shabeel|Niko Omilana|King Kenny|Beta Squad|Sidemen|KSI|Locked In|Does The Shoe Fit|Chef Asylum|Stephen Tries|Bambino Becky|Max Khadar|Good Evening Britain|Liar Liar|Bad Bistro|Adeola Patronne|Chunkz & Filly|Philly|Young Filly|Chunks|BETA squad|Behzinga|Miniminter|Zerkaa|Tobjizzle|The Burnt Chip|tennessee|Chloe Burrows|Pieface|Tays|Heather Bowling"""
HIGHLIGHTS! City fall to Champions League defeat at Sporting | Sporting CP 4-1 Man City | UCL,Man City,Sports,GB,11/5/2024,23:00:09,2.32,3626731,58281,0.016919645,"""man city|manchester city|mcfc|man city highlights|man city goals|city|city vs|man city vs|man city v|video|live|men's team|haaland|pep guardiola|kevin de bruyne|interviews|press conference|pep|city v|guardiola|ucl|champions league|uefa|uefa champions league|etihad|match preview|press|2024/25|sporting|sporting lisbon|sporting v city|sporting v man city|sporting lisbon v city|bernardo silva|silva|sporting cp v city|sporting cp v man city"""
Diaz Hat-Trick Stuns Alonso! ü§© | Liverpool 4-0 Bayer Leverkusen | UEFA Champions League Highlights,TNT Sports,Sports,GB,11/5/2024,22:23:07,2.93,877417,11931,0.014603091,"""TNT Sports|TNT Football|TNT|Discovery|Eurosport|Warner Bros.|Cricket|Football|UFC|Boxing|Premier League|Arsenal|Liverpool|Manchester United|Chelsea|Tottenham|Manchester City|Tyson Fury|Oleksandr Usyk|Joe Joyce|Bukayo Saka|Erling Haaland|Mohamed Salah|Bruno Fernandes|Conor McGregor|Dana White|MMA|Khabib Nurmagomedov|Moto GP|UEFA Champions League|Real Madrid|UEFA Europa League|UCL|UEL|Soccer|Tennis|Rugby|Olympics|Cycling|Baseball|WWE|Wrestling|Golf|F1|Sport"""
The Most Insane Weapon You Never Heard About,Kurzgesagt ‚Äì In a Nutshell,Education,DE,11/5/2024,15:00:02,13.93,2182308,127827,0.062002705,"""[none]"""
What if everyone pointed a laser at the moon?,xkcd's What If?,Science & Technology,US,11/5/2024,17:51:51,5.62,912192,62428,0.071139628,"""[none]"""
Apex Legends: From the Rift Gameplay Trailer,Apex Legends,Gaming,US,11/5/2024,16:00:11,2.48,446458,20108,0.050501951,"""apex legends|apex legends season 23|apex legends trailer|apex legends From the Rift trailer|apex legends from the rift|new season|new LTM|apex legends Lifeline|Wattson|Horizon|Doc|Prestige Skin|update|collection event|apex legends skins|battle royale|apex legends ps5|apex legends ps4|apex legends xbox|apex legends switch|apex legends pc|respawn entertainment|electronic arts|titanfall 2"""
Ludwig Eats His Last Meal,Mythical Kitchen,Entertainment,US,11/5/2024,11:01:04,43.43,774116,44133,0.059515628,"""mythical kitchen|mythical|chef|josh|scherer|nicole|food|taste test|snack|smash|fears|fancy|fast|recipe|culinary|cooking|cook|bake|baking|mythical chef josh|culinary bro-down|good mythical kitchen"""
Why Are Cooling Towers Shaped Like That?,Practical Engineering,Education,US,11/5/2024,14:00:59,19.8,698805,34419,0.051635292,"""[none]"""
Coldest SIDEMEN Moments,SidemenReacts,Entertainment,GB,11/5/2024,17:12:36,9.37,566817,33142,0.059140781,"""Sidemen|Sidemen Reacts|SidemenReacts|ksi|jj olatunji|miniminter|w2s|tobi|vikkstar123|ethan|zerkaa|reacts"""
I REBUILT MY WRECKED LAMBORGHINI TO PROVE MY INSURANCE WRONG,Mat Armstrong,Autos & Vehicles,GB,11/3/2024,18:01:03,40.3,2764409,145185,0.054717301,"""mat armstrong|matt armstrong|copart rebuild|rebuilding a car|lamborghini crash|rebuilding a wrecked car|crash damaged|twin turbo|mat armstrong mk2|lamborghini gallardo|cheap lamborghini|twin turbo lamborghini"""
Australia v Pakistan | First ODI | ODI Series 2024-25,cricket.com.au,Sports,AU,11/4/2024,11:10:00,8.23,5356833,94975,0.018497123,"""ausvpak"""
M&S Christmas Food | 2024 Christmas Advert,M&S,Howto & Style,GB,11/4/2024,9:38:44,1.5,356263,1662,0.005184372,"""marks and spencer|m and s|marks spencer|M&S|marks and spencers"""
"On These Questions, Smarter People Do Worse",Veritasium,Education,US,11/4/2024,16:48:03,14.58,2618243,133105,0.055176315,"""veritasium|science|physics|Veritasium|maths|politics|political identity|political beliefs|political ideology|heuristic thinking|democracy|Protective Cognition|political science|communication|Dan Kahan|cultural cognition|heuristics|numeracy|cognitive bias"""
Morrisons Christmas Tv Ad 2024 - 60s,Morrisons,People & Blogs,GB,11/4/2024,10:29:46,1.02,112819,815,0.00840284,"""[none]"""
BEYWATCH,Beyonc√©,Music,US,11/5/2024,7:22:00,2.48,645634,60681,0.1025255795078945,"""[none]"""
Election Touchscreen Map Takes Deeper Look Inside Key Swing Voter | Onion News Network,The Onion,Comedy,US,11/4/2024,18:00:04,3.18,1839959,121938,0.068474895,"""The Onion|comedy|satire|news|Onion News Network|ONN|ONNCast|humor"""
I Brought Fresh Back to Chapter 2!,Lachlan,Gaming,AU,11/4/2024,13:23:20,17.1,790776,24463,0.03226451,"""fortnite battle royale|fortnite|lachlan|lachy|duos|new season|battle royal|lacy|laclan|epic games|gaming|esports|games|video games|poggies|battle royale|warzone|pubg|lachydachy|power|pwr|rocketleague|rlcs|fortniteupdate|update|battlepass|battle|pass|I Brought|Fresh|Back|to|Chapter|Chapter 2|OG Fortnite|OG Chapter 2|Chapter 2 Remix"""
The BIGGEST argument in Locked In history?! Locked In S5 EP4 |  @Footasylumofficial,Footasylum,Entertainment,GB,11/3/2024,19:00:10,57.52,1229688,26968,0.023633637,"""Footasylum|Yung Filly|Darkest Man|GK Barry|Nella Rose|Harry Pinero|Chunkz|Johnny Carey|Sharky|AJ Shabeel|Niko Omilana|King Kenny|Beta Squad|Sidemen|KSI|Locked In|Does The Shoe Fit|Chef Asylum|Stephen Tries|Bambino Becky|Max Khadar|Good Evening Britain|Liar Liar|Bad Bistro|Adeola Patronne|Chunkz & Filly|Philly|Young Filly|Chunks|BETA squad|Behzinga|Miniminter|Zerkaa|Tobjizzle|The Burnt Chip|tennessee|Chloe Burrows|Pieface|Tays|Heather Bowling"""
Angel Edgar VS Demon Mortis - Animation,Brawl Stars,Gaming,FI,11/6/2024,9:15:40,1.15,3230033,198841,0.06417922,"""brawl stars|brawler|edgar|mortis|angel|demon|brawl pass|new season|animation|kit|skins|battle|fight|epic|supercell"""
Get into the Christmas Spirit with Kevin The Carrot | Aldi Christmas Advert 2024,AldiUK,Entertainment,GB,11/4/2024,0:00:17,1.5,369909,2805,0.00815606,"""[none]"""
"Cosy Day With Mark, Horror Mazes & Halloween Night | ad",Zoe Sugg,People & Blogs,GB,11/3/2024,19:27:25,40.8,361108,14916,0.042089901,"""Zoe Sugg|vlog|Zoella|makeup|grwm|get ready with me|cosmetics|Nala|pug|weekly vlog|daily|vlogging|motherhood|baby|one year old|brighton|haul|lifestyle|life|Alfie deyes|deyes|ottilie|ottie|vlogmas|two year old|toddler|daughter|garden|chatty|baking|family|halloween|tulleys|horror maze|trick or treat|decoration|decorate|movie night"""
SIDEMEN AMONG US BUT THE WHOLE LOBBIES INFECTED,MoreSidemen,People & Blogs,GB,11/2/2024,17:45:02,53.78,4512307,177431,0.04083122,"""sidemen|moresidemen|miniminter|ksi|zerkaa|behzinga|tbjzl|vikkstar|wroetoshaw"""
Olivia Rodrigo Explores #ASMR | W Magazine,W Magazine,Entertainment,US,11/4/2024,13:00:52,16.63,540308,40277,0.078255365,"""w magazine|wmag"""
The GENIUS new porch idea everyone's copying for Christmas!,Hometalk,Howto & Style,US,11/4/2024,18:00:11,9.45,1001394,0,9.986079405309e-05,"""[none]"""
"Baby John - Taster Cut | Atlee | Varun Dhawan, Keerthy Suresh, Wamiqa G, Jackie Shroff | 25th Dec",JioStudios,Entertainment,IN,11/4/2024,5:33:43,1.97,27184816,413022,0.016201103,"""Jio Studios|Jio Cinema|Jio Saavn|Jio TV|Babbar Sher|Baby John|Baby John Varun Dhawan|Keerthy Suresh|WamiqaGabbi|Jackie Shroff|Rajpal Yadav|baby john teaser|babay john trailer|baby john promo|baby john movie|Varun Dhawan|Atlee|atlee movie|Jawan|atlee baby john|A. Kaleeswaran|baby John taster cut|taster cut|taster cut baby john|baby john official trailer|baby john first look"""
Kodak Black - Catch Fire [Official Music Video],Kodak Black,Music,US,11/5/2024,7:20:39,2.73,369661,25859,0.075463736,"""kodak|black|kodak black|atlantic records|roll in peace|codeine dreaming|tunnel vision|drowning|transportin|heart break kodak|project baby 2|Kodak Black Bill Israel|Bill Israel|Sniper|Sniper Gang|Hip Hop|Rap|Kodak Black I Knew It|Kodak Bill Israel|Kodak Black Easter in Miami|Easter|Easter in Miami|Kodak Easter|Kodak Black Haitian Boy Kodak|Haitian Boy Kodak|Kodak Black HBK|HBK|Kodak Black Happy Birthday Kodak|Happy Birthday Kodak"""
Answering Tough Questions‚úÖ,Nidal Wonder,Entertainment,US,11/3/2024,16:45:06,9.7,1622747,38836,0.027344373,"""Javin|Nalish|Q&A|Questions|Answers|Nidal|Salish|Nidal and Salish|Naddi|Nidal and Addi|Dating|Broke up|Jealous|Jiji and Gavin|Gavin Magnus|Jiji wonder|Nidal wonder Quit YouTube"""
BO6 Zombies Glitches; ALL WORKING AFTER PATCH - GODMODE & PILE UPS - Black Ops 6 Zombies Glitches,z CerealGlitchers,Gaming,GB,11/4/2024,22:14:47,3.93,83227,1159,0.017326108,"""High Rounds|AFK Glitch|Pile Up Glitches|God Mode|MW3 Zombies Glitch|black ops 6 zombies glitch|bo6 zombie glitches|bo6 godmode|zombies unlimited ammo|unlimited special weapon glitch|all working after patch|best working glitches|fast xp zombies|xp glitch|b06 easy pile up"""
Tampa Bay Buccaneers vs. Kansas City Chiefs Game Highlights | NFL 2024 Season Week 9,NFL,Sports,US,11/5/2024,4:43:00,12.68,1915815,25715,0.015313065,"""[none]"""
The BEST BMW Cold Air Intake,Fritz Ramos,Autos & Vehicles,US,10/30/2024,12:45:03,1.5,1216091,57243,0.047408459,"""BEST Intake for the F30 BMW|f30 intake|f30 cold air intake|best cold air intake for BMW|best cold air intake for bmw n55|best cold air intake for b58|n20 cold air intake|f30 intake sound|f30 intake install|f30 intake scoop|f30 335i intake|f30 cold air intake sound|bmw f30 320i cold air intake|bmw f30 cold air intake sound|bmw 330i f30 cold air intake|bmw f30 335i cold air intake|f30 328i cold air intake|f30 335i cold air intake|bmw f30 afe intake"""
Future - BRAZZIER (Official Music Video),FutureVEVO,Music,US,11/5/2024,2:00:37,3.33,535490,35923,0.070509253,"""future|metro boomin|like that|type shit|travis scott|playboi carti|kendrick lamar|the weekend|we dont trust you|WDTY|young metro future|metro young thug|chainz|chief keef|yo gotti|meek mill|nav|gucci mane|french montana|quavo|21 savage|migos|mixtape pluto|brazzier"""
ARCANE SEASON 2 COLLECTOR‚ÄôS SET // Skin Reveal Trailer - VALORANT,VALORANT,Gaming,US,11/4/2024,16:36:23,1.3,863933,40131,0.048735261,"""[none]"""
i went on a date‚Ä¶,PontiacMadeDDG,Howto & Style,US,11/5/2024,2:44:04,28.43,138441,12772,0.1066085913854999,"""pontiac|pontiacmade|pontiacmadeddg|ddg|pontiacmadeddgvlogs|vlogs|vlog|ddg vlogs|ddg vlog|pontiac vlog|pontiac vlogs|pontiacmadeddg vlog|pontiacmadeddg vlogs|ddg elon musk"""
bo6 glitch: AFTER PATCH: BOAT PILE UP GLITCH for terminus island easy camo glitch and XP glitch,B Man,Gaming,NZ,11/4/2024,22:46:13,6.03,74397,1882,0.029974327,"""after patch|pileup|pile up|zombie pile up|pile up glitch|terminus island|b06|bo6|black ops|blackops 6|black ops 6|Black Ops 6|BO6|glitch|glitches|black ops 6 glitch|bo6 glitch|bo6 glitches|bo6 xp|bo6 xp glitch|black ops 6 glitches|glitches bo6|glitch bo6|camo glitch|b-man|B-MAN|bman|BMAN|GLITCH|ZOMBIES|zombies|zombies glitch|zombie glitches|bo6 zombies glitch|bo6 zombies|BO6 XP GLITCH|BO6 ZOMBIES GODMODE GLITCH|BO6 ZOMBIES GLITCH|boat glitch"""
The Dodgers Are About To Take Over Baseball,Baseball Doesn't Exist,Sports,US,11/4/2024,23:08:47,22.18,446134,15651,0.03997902,"""[none]"""
spooky stories,SocksStudios,Comedy,US,11/3/2024,18:00:08,43.95,1021752,28549,0.031362796,"""scary stories|scary stories animated|horror stories animated|animated horror stories|horror stories|scary story|animated stories|true scary stories|horror animation compilation|creepy stories|animation|stories|disturbing horror stories|horror animation|halloween horror stories|scary animations|terrifying horror stories|halloween|true horror stories|scary animated story|mjv animations|horror story|halloween scary stories|horror story animated|creepy|scary"""
My Daughter's Emotional 15th BIRTHDAY SURPRISE,Jordan Matter,Entertainment,US,11/2/2024,14:00:07,28.12,11660037,255486,0.02590189,"""nidal wonder|salish matter|nalish|knotts berry farm|birthday surprise|best friends|say say matter|jordan matter|15th birthday|roller coasters|target"""
Race Highlights | 2024 Sao Paulo Grand Prix,FORMULA 1,Sports,US,11/3/2024,18:43:53,8.17,6653138,138811,0.022301356,"""F1|Formula One|Formula 1|Sports|Sport|Action|GP|Grand Prix|Auto Racing|Motor Racing"""
Girlfriend VS Sister! Who Knows Me Better?!,Bryton Myler,Entertainment,US,11/3/2024,14:00:18,17.77,636399,13580,0.024857047,"""[none]"""
"Ninja Warrior: Youtubers Edition (ft KSI, Niko & more)",Deji,Entertainment,GB,11/2/2024,17:00:25,44.77,1899274,83602,0.045012989,"""ksi|clips|ksiclips|ksi clips|shorts|youtube shorts|ksishorts|ksi shorts|jj olatunji|sidemen|ksi shorts channel|ksi clips channels|minimintershorts|miniminter shorts|miniminter shorts channel|w2sclips|w2s clips channel|w2s shorts channel|sidemen sunday|#sidemensunday|ishowspeed|live speedy|speedy boykins|total wipeout|wipeout|challenge|w2s|fall guys|fall guys irl|chin|playing|ninja|gaiden|face|funny|faces|warriors|ninja warrior|Deji"""
OG CHAPTER 2 MEMES,LazarLazar,Gaming,AU,11/3/2024,3:22:38,12.42,2143907,92034,0.044163763,"""[none]"""
SPENT 24 HOURS IN MIAMI W/ DDOT & DD OSAMA,Brooklyn Frost,People & Blogs,US,11/4/2024,21:16:53,36.77,174996,6263,0.037863723,"""Funny|Fun|viral|got|trendy|new|dd|Sdot|ddot|brooklyn|frost|YouTube|deshae|dog|dub"""
I Busted EVERY Fortnite CHAPTER 2 Myth!,McCreamy,Gaming,NZ,11/3/2024,17:40:53,16.38,599823,12577,0.021891458,"""fortnite|fortnite battle royale|fortnite gameplay|challenge|mccreamy|new|update|memes|funny moments|glitches|funny|gaming|epic games|fortnite glitches|fortnite glitch|free vbucks|fortnite vbucks|fortnite moments|new fortnite season|new fortnite|fortnite update|new fortnite update|fortnite new update|mcreamy|fortnite battlepass|fortnite challenge|fortnite mythic|fortnite chapter 2 remix|chapter 2|fortnite chapter 6|chapter 2 remix|fortnite myth"""
HIGHLIGHTS | ENGLAND V NEW ZEALAND | AUTUMN NATIONS SERIES 2024,Autumn Nations Series,Sports,GB,11/2/2024,17:39:56,7.68,654925,5910,0.01161049,"""[none]"""
WIN $50 CASH IF YOU CAN FINISH THIS GIANT MEATBALL SUB IN CHICAGO! | BeardMeatsFood,BeardMeatsFood,People & Blogs,GB,11/3/2024,19:00:33,10.47,2577787,106003,0.042724632,"""calorie challenge|mukbang|cheat day|cheat meal|man vs food|eating challenge|eating challenge uk|food challenge|matt stonie|beardmeatsfood|beard meats food|beard meets food|beard vs food|adam moran|british competitive eater|fitness|eating channel|eating show|10000 calorie challenge|10k|massive eating challenge|huge eating challenge|100000 calorie challenge|chicago|meatball challenge|Fontano's challenge|chicago food challenge|italian food challenge"""
BEST BO6 ZOMBIES GLITCHES AFTER PATCH! (WALKING GODMODE GLITCH) NEW SOLO UNLIMITED XP/CAMO GLITCH!,GUDPEXI the Gamer,Gaming,CA,11/4/2024,22:00:05,4.42,67051,1150,0.02002953,"""BLACK OPS 6 GLITCH|BO6 GLITCHES|BO6 GLITCH|BLACK OPS 6 BOT LOBBY GLITCH|BO6 BOT LOBBY GLITCH|BO6 UNLIMITED XP GLITCH|BLACK OPS 6 XP GLITCH|BLACK OPS 6 ZOMBIES GLITCH|BO6 ZOMBIE GLITCHES|BO6 ZOMBIE GODMODE GLITCH|FAST WEAPON XP BLACK OPS 6|BLACK OPS 6 GODMODE GLITCH|UNLIMITED XP GLITCH BLACK OPS 6|BO6 ZOMBIES CAMO GLITCH|TRUE GODMODE GLITCH BO6 ZOMBIES|BO6 SOLO GODMODE GLITCH|BO6 INSTANT GODMODE GLITCH|BO6 SOLO UNLIMITED XP GLITCH|BO6 SOLO CAMO GLITCH|BO6"""
üç™ Oreo Coke vs Electric Pepsi ‚ö°Ô∏è,Max Klymenko,Education,GB,11/4/2024,2:20:40,1.48,395641,28040,0.071582571,"""[none]"""
Going BABY SHOPPiNG for the FiRST TiME! *we went a little CRAZY*,JustParkers ,Entertainment,US,11/3/2024,14:02:00,23.6,585900,13959,0.027211128,"""kass and josh|justkass|nen|couples channels|notenoughnelsonss|justkass baby|justkass pregnant|sephora haul|sephora vlog|justparkers|just parkers|just kass|nen fam|hopescope|jordan matter|baby shopping|baby products|going baby shopping for the first time|we went a little crazy|first time baby shopping|pregnancy|pregnancy vlog|pregnant vlog|justkass nursery|justkass baby name"""
Exploring the Town That Made Internet & Phone Service Illegal (100% Disconnected),Yes Theory,Entertainment,US,11/3/2024,17:00:26,30.9,826212,35927,0.046485648,"""yestheory|seek discomfort|yes theory strangers|yes theory travel|yes theory subscribers|getting out of your comfort zone|Amazon FBA"""
Can I Make Titanium Damascus? Part 3,Alec Steele,Entertainment,GB,11/3/2024,19:53:21,21.47,690197,42593,0.064461306,"""alec steele|alex steele|steel|alec|damascus|blacksmith|make|forge|anvil|mill|lathe|weld|tig|mig|engineering|blacksmithing|blade|bladesmithing|knife|knifemaking|sword|handmade|diy|craft|woodworking|forged in fire|axe|fabrication|art|making|how to|maker|lord of the rings|game of thrones|restoring|restoration|forging|dagger|replica|prop|grinding|bevel|bevels"""
I Tested Restaurants with No Reviews,Ryan Trahan,Entertainment,US,11/2/2024,15:01:03,22.83,6241116,245126,0.041189749,"""Ryan|Trahan"""
"We Bought The RAREST Motorhome (driving it 2,000 miles home)",Ambition Strikes,Autos & Vehicles,US,11/3/2024,15:00:17,44.52,460955,34325,0.078779924,"""Revcon|rev con|motorhome|rare|barn find|f350|powerstroke|diesel|7.3|trailblazer|Revlon trailblazer|rare car|van life|rv|vanlife|will it run|drive home|road trip"""
Hairdresser Reacts To Bleach Fails That Will Have You SOBBING,Brad Mondo,Entertainment,US,11/3/2024,19:15:07,24.07,338560,22604,0.069875354,"""bradmondo|bradmondonyc|hairdresserreacts|hair fails bleach|how to bleach hair at home|bleach fail|hair fails|bleaching hair at home|at home|diy hair|how to|bleaching hair|gone wrong|box dye|broken hair|hairdresser|funny|edvasian|fail|highlights|funny fails|hair transformation|fall off|30 vol|bleaching hair fail|bleaching my hair|hair fail|video react|hair dye fail|how to color hair at home|Hairdresser Reacts To Bleach Fails That Will Have You SOBBING"""
Winter Shredathon Day 27 - Hamstrings With Short Hair,Sam Sulek,People & Blogs,US,11/3/2024,18:00:10,38.68,879442,36847,0.044819329,"""[none]"""
"$10,000 If You Can Beat My Rock, Paper, Scissors Robot",Mark Rober,Science & Technology,US,11/2/2024,15:00:37,19.28,8248770,224421,0.028636876,"""[none]"""
Digging Up a Mystery Egg That I Buried in My Giant Rainforest Vivarium,AntsCanada,Pets & Animals,CA,11/3/2024,12:01:07,27.05,479276,25139,0.056931705,"""ants|pets|terrarium|ant farm|antfarm|antscanada|animals|insects|exotic pets|myrmecology|science|education|ecosystem"""
FIRST DRIVE! TWIN TURBO V12 FERRARI SHAKEDOWN‚Ä¶,DailyDrivenExotics,Autos & Vehicles,CA,11/4/2024,14:00:07,37.35,565422,52214,0.098758096,"""[none]"""
Making pop rocks from scratch (is complicated),NileBlue,Science & Technology,CA,11/2/2024,22:35:02,29.7,2342949,156757,0.070521808,"""nileblue|nile|blue|red|science|chemistry|pop|rock|rocks|sweet|pop rocks|candy|sugar"""
Cherries STUN champions for first time in PL history! üò≤ | Bournemouth 2-1 Man City | EPL Highlights,Sky Sports Premier League,Sports,GB,11/2/2024,17:20:35,3.13,1564995,15273,0.010974476,"""sky sports|premier league|football|Sky Sports live|Sky|Sports|sky sports football|premier league highlights|epl other 1920|Premier League|PL|EPL|Premier League 2024/25|Premier League Highlights|PL Highlights|EPL Highlights|Football Highlights|Sky Sports Premier League|Sky Sports Football|Sky Sports|epl highlights 1920|Bournemouth|AFC Bournemouth|Manchester City|Man City|AFCB|Bournemouth 2-1 Man City|bournemouth city highlights"""
Solo Winter Bushcraft Camping in Alaska,Outdoor Boys,Entertainment,US,11/2/2024,11:00:42,26.22,3737463,165157,0.044189601,"""Solo camping|camping|bushcraft|survival|Alaska|cold weather camping|cold weather survival|cold weather bushcraft|Camping Alaska|Alaska adventure|pack rafting|Floating river|winter camping|solo bushcraft|solo survival"""
Things will never be the same..,FaZe Rug,Entertainment,US,11/3/2024,19:51:44,25.12,2944626,80286,0.035847337,"""faze rug|rug|rugfaze|fazerug"""
Livingstone and Hope Hit Tons | Highlights | West Indies v England | 2nd CG United ODI,Windies Cricket,Sports,AG,11/2/2024,22:37:20,16.02,1401293,16983,0.01236929,"""cricket|cricket west indies|west indies|windies|west indies cricket team|cricket highlights|cricket highlights match today|west indies india Cricket|west indies india test|virat kohli|rohit sharma|jason holder|bcci cricket|india cricket highlights|liam livingstone|jacob bethell|Shai Hope|Brendon McCullum|Sam Curran|Phil Salt|Keacy Carty|Sherfane Rutherford|Jofra Archer|John Turner|West Indies v England|england|2nd CG united ODI|ODI cricket"""
Wild Life: Episode 3 - THE SNAIL.,Grian,Gaming,GB,11/2/2024,15:00:08,45.15,1086593,73324,0.071787689,"""grian|life series|episode 1|wild life|3rd life|grian life series"""
Shannon Sharpe üó£Ô∏è SAQUON BARKLEY HAD THE 'PLAY OF THE YEAR!' + Lions the BEST OVERALL? | First Take,NFL on ESPN,Sports,US,11/4/2024,16:12:55,13.57,443895,6389,0.017263091,"""Stephen A. Smith|Shannon Sharpe|Dan Orlovsky|Molly Qerim|First Take|Philadelphia Eagles vs Jacksonville Jaguars|Saquon Barkley|Saquon Barkley backwards hurdle|Cowboys|Detroit Lions vs. Green Bay Packers|Lions|Stephen A.|Jared Goff|stephen a smith cowboys|cowboys stephen a smith|stephen a smith eagles|eagles stephen a smith|philadelphia eagles stephen a smith|stephen a smith philadelphia eagles|eagles stephen a.|stephen a.|stephen a. smith"""
SCARIEST Night of Our Lives!!üò±,Nidal Wonder,Entertainment,US,11/2/2024,14:30:06,8.17,1715990,41185,0.025623692,"""nalish|nailish|salish and nidal|are salish and nidal best friends|dating|broke up|addi|did nidal and addi break up|knotts|knotts berry farm|best friends"""
Pathetic Performance! (Lee Judges) | Newcastle 1-0 Arsenal,AFTV,Sports,GB,11/2/2024,15:20:06,10.75,263598,4373,0.024385617,"""afc|aftv|arsenal|arsenal fan tv|fan cams|arsenal tv|arsenal fan cams|gooners|premier league|robbie lyle|troopz|aftvmedia|martinelli|arteta|mikel arteta|aftv news|transfer daily|gabriel|aftv troopz|arsenal stream|arsenal watch along|bukayo saka|emile smith rowe|emirates stadium|football|soccer|sport|transfers|gabriel jesus|gunners|arsenal fc|transfer window|Title Race|Newcastle 1-0 arsenal|arteta newcastle"""
I Met NewJeans!,JasonTheWeen IRL,Entertainment,US,11/3/2024,20:16:47,34.1,370865,25350,0.072657166,"""jasontheweenie|jasontheween|stable ronaldo|plaqueboymax|faze|faze clan|amp|kai cenat|jasontheween vlog|newjeans|new jeans|new jeans jasontheween|newjeans jasontheween|jasontheween newjeans|jasontheween new jeans|jasontheween eta|eta|newjeans eta|new jeans eta|jason newjeans|meeting newjeans|i met newjeans|i met new jeans|new jeans bubble gum|new jeans how sweet|newjeans supernatural|super shy|eta jasontheween|newjeans vlog|hanni|hanni vlog|ditto"""
I Only Ate 'Healthy' Fast Food For 50 Hours,Will Tennyson,People & Blogs,CA,11/3/2024,15:00:23,26.12,769407,29562,0.040763861,"""fast food|i only ate|50 hours|i only ate healthy fast food for 50 hours|healthy fast food|mcdonalds|taco bell|burger king|wendys|chik fil a|starbucks|taste test|food challenge|diet|bodybuilding|fitness"""
Heaven,TOMORROW X TOGETHER - Topic,Music,KR,11/4/2024,9:03:24,2.58,628901,64339,0.1071949321117314,"""TOMORROW X TOGETHER|Ìà¨Î™®Î°úÏö∞Î∞îÏù¥Ìà¨Í≤åÎçî|The Star Chapter: SANCTUARY|Heaven"""
Chappell Roan - Pink Pony Club (Live On Saturday Night Live / 2024),ChappellRoanVEVO,Music,US,11/3/2024,7:11:04,4.83,787129,60418,0.079265279,"""Chappell Roan|Pink Pony Club|SNL|Midwest Princess"""
My Roblox account was hacked.,Flamingo,Gaming,US,11/4/2024,3:19:25,10.85,1233040,76336,0.069569519,"""Family|friendly"""
Reds back top! üîù | Liverpool 2-1 Brighton | Premier League highlights,Sky Sports Premier League,Sports,GB,11/2/2024,17:17:45,3.07,1506461,15333,0.011274105,"""Premier League|PL|EPL|Premier League 2024/25|Premier League Highlights|PL Highlights|EPL Highlights|Football Highlights|Sky Sports Premier League|Sky Sports Football|Sky Sports|epl highlights 1920|Liverpool 2-1 Brighton|Salah|Salah goal|Mo Salah|Slot|Arne alot|liverpool highlights"""
Fortnite Chapter 2 Remix Official Trailer,Fortnite,Gaming,US,11/1/2024,22:43:59,1.83,7092115,203950,0.031666012,"""yt:cc=on|Snoop Dogg|D O Double G|Dogg House|Doggfather|Doggpound|Eminem|Slim Shady|Rap God|Berzerk|Mom‚Äôs Spaghetti|Spaghetti Grotto|Ice Spice|Rap Princess|Bronx|Baddie|In Ha Mood|Oh Shhh|Ice Isle|Juice|Juice WRLD|999|chapter 2|ch2|fortnite ch2|fortnite chapter 2|fortnite chapter two|chapter 2 remix|fortnite remix|remix|fortnite chapter 2 remix|chapter 2 og|fortnite trailer|fortnite cinematic|fortnite launch trailer|fortnite official trailer"""
Minecraft Mob Battles: THE MOVIE,Joll and Conk,People & Blogs,US,11/2/2024,17:36:20,50.87,925598,25783,0.033553443,"""[none]"""
"RDCTV | D-Wade Statue, Hood Haunted House, Pilots Downplay Everything, and Album Sales",RDCworld1,Film & Animation,US,11/4/2024,0:22:45,10.45,331389,40381,0.126301718,"""[none]"""
I Tested Lego Cars!,Unspeakable Studios,People & Blogs,US,11/3/2024,16:00:25,14.0,727670,10053,0.014558797,"""unspeakable|vlog|vlogs|unspeakablegaming|prank|comedy|challenge|laugh|funny|moments|craziest|pranks|crazy|no cursing|no swearing|how to|parody|troll|video|react|family friendly|funniest|adventure|trolling|unspeakable vlogs|real life|life|unspeakable real life|unspeakableplays|behind the scenes|bts|unspeakable behind the scenes|unspeakable bts"""
Strapping a Tiny Camera on a Bass! (Underwater Footage),BamaBass,People & Blogs,US,11/4/2024,1:01:12,31.15,263262,14859,0.059541445,"""[none]"""
Qualifying Highlights | 2024 Sao Paulo Grand Prix,FORMULA 1,Sports,US,11/3/2024,12:49:51,8.02,3090756,67520,0.023126381,"""F1|Formula One|Formula 1|Sports|Sport|Action|GP|Grand Prix|Auto Racing|Motor Racing"""
The Snail .....üêå | Ep. 3 | Wild Life,LDShadowLady,Gaming,GB,11/2/2024,15:15:01,23.37,637375,43285,0.072101981,"""ldshadowlady|minecraft|mini game|girl gamer|pink hair|funny|walkthrough"""
Club Penguin: Gone But Not Forgotten,Burback,People & Blogs,US,11/2/2024,17:27:31,36.85,812199,43250,0.055993667,"""[none]"""
Nino Paid - Play This At My Funeral (Official Video) Dir: @Shotbyaddict,Nino Paid,Music,US,11/4/2024,17:00:06,2.23,446039,37097,0.088691796,"""ninopaid|playthisatmyfuneral|cantgobacc|painmusic"""
We Won Every Game at the State Fair!,Dude Perfect,Sports,US,11/2/2024,14:00:00,14.72,2885913,79892,0.028325178,"""dude perfect|dude perfect stereotypes|dude perfect water bottle flip|bottle flip|water bottle flip|dude perfect bottle flip|dude perfect basketball|dp|dude perfect world record|edition|nerf|trick shots|trick shot|family|ping pong|bowling|clean|family friendly|bubble wrap|soccer|football|spinner|spinners|fidget spinners|dude|mini games|state fair|carnival|stuffed animals|fair food|big tex|texas|prizes|battles"""
ChupadaGhostf**kaween Sale!,Vivziepop,Film & Animation,US,11/3/2024,18:40:01,3.05,573354,43107,0.078152415,"""Vivziepop|Zoophobia|helluva boss|helluvaboss|helluva boss merch|chupacadupra|ghostfuckers|ghostfuckers merch|chupacabras merch|halloween"""
I Got a Pet Alien (kinda),TerraGreen,Pets & Animals,US,11/2/2024,12:00:27,11.33,1295901,21537,0.018298466,"""terragreen|terra|green|terra green|pet|pet dinosaur|pet alien|I got a pet alien|terragreen pet|aquarium|terrarium|dr plants|weirdest pet"""
HIGHLIGHTS | All Blacks XV v Munster | 2024 (Limerick),All Blacks,Sports,NZ,11/2/2024,21:40:28,12.02,421559,4009,0.011324631,"""All Blacks|New Zealand Rugby|Rugby|Rugby Union"""
Why Musical IQ Soars After 30,Rick Beato,Music,US,11/2/2024,19:23:09,9.63,1458873,56072,0.047631973,"""rick beato|everything music|rick|beato|music|music theory|music production|education|Brain|Your Brain on music|Aging|Improvisation|John Williams|Bach|Mozart|Beethoven|Miles Davis|John Coltrane|Pat Metheny|The Beatles"""
I Busted 27 Myths in Chapter 2 Remix!,Milo,Gaming,US,11/2/2024,21:23:21,8.28,297878,5236,0.019131994,"""fortnite|fortnite myths|busting myths in fortnite|I Busted 30 TikTok Myths in Fortnite|milo|soar milo|I Busted 42 Myths in Fortnite|busting tiktok myths|i busted tiktok myths in fortnite|fortnite battle royale|busting fortnite myths|busting myths|busting every fortnite myth|new fortnite|xp map fortnite|xp glitch fortnite|chapter 2 remix|chapter 2 fortnite|remix update fortnite"""
T1 vs BLG - Game 5 | Grand Final LoL Worlds 2024 | T1 vs Bilibili Gaming G5 full,EpicSkillshot - LoL VOD Library,Gaming,US,11/2/2024,18:35:31,42.28,667840,9538,0.016195496,"""playoffs|finals|final|london|LoL|LCS|EU|NA|2024|paris|paris 2024|Worlds|World Championship|S14 Worlds|#worlds|esports|#esports|Season 14|S14|2024 Worlds|lol worlds 2024|lol worlds|lol esports vods|e-sports|lol esports|lolesports|league of legends|epicskillshot|game|play|match|pro|full game|HD|1080p|VOD|VODS|lol vods|worlds vods|T1 vs BLG|BLG vs T1|t1 blg|blg t1|Bilibili Gaming|BLG|Bin|Wei|Knight|Elk|ON|SK Telecom T1|T1|Faker|Oner|Khan|Gumayusi|Keria|Zeus"""
Dallas Cowboys vs. Atlanta Falcons Game Highlights | NFL 2024 Season Week 9,NFL,Sports,US,11/3/2024,21:21:40,13.67,1395860,14924,0.012787099,"""[none]"""
"1 Footballer from Every Position Competes for ¬£10,000",ChrisMD,Entertainment,GB,10/31/2024,17:10:43,54.67,2738952,112529,0.04205039,"""[none]"""
What Liquid Is Required for Life?,BradyYourTutor,Entertainment,US,11/3/2024,2:00:01,1.88,2559988,181243,0.071230803,"""[none]"""
Fortnite: Chapter 2 Remix Battle Pass (Full Showcase),ShuffleGamer,Gaming,US,11/2/2024,7:06:08,4.67,613599,7331,0.0149055,"""Fortnite|Fortnite Battle Royale|Battle Royale|Games|Gaming|Gameplay|Fortnite Chapter 2 Remix|Chapter 2 Remix|Fortnite Chapter 5|Chapter 5|New Fortnite|Fortnite New|Fortnite New Update|Fortnite Update|Fortnite New Season|Fortnite Battle Pass|New Fortnite Battle Pass|Fortnite Chapter 2 Remix Battle Pass|Chapter 2 Remix Battle Pass|Chapter 2 Remix Trailer|New|Season|Battle Pass|New Battle Pass|Fortnite OG Chapter 2 Battle Pass|Fortnite Chapter 5 Season 5"""
Tays drops game on Heather Bowling?! Locked In S5 EP3 | @Footasylumofficial,Footasylum,Entertainment,GB,11/1/2024,19:00:17,45.72,1250320,22882,0.019511005,"""Footasylum|Yung Filly|Darkest Man|GK Barry|Nella Rose|Harry Pinero|Chunkz|Johnny Carey|Sharky|AJ Shabeel|Niko Omilana|King Kenny|Beta Squad|Sidemen|KSI|Locked In|Does The Shoe Fit|Chef Asylum|Stephen Tries|Bambino Becky|Max Khadar|Good Evening Britain|Liar Liar|Bad Bistro|Adeola Patronne|Chunkz & Filly|Philly|Young Filly|Chunks|BETA squad|Behzinga|Miniminter|Zerkaa|Tobjizzle|The Burnt Chip|tennessee|Chloe Burrows|Specs Gonzalez|Home Schooled"""
3 years at the Off Grid cabin in the woods,Bushradical,Howto & Style,US,11/2/2024,22:56:11,41.42,272685,19600,0.075402021,"""off grid cabin|offgrid cabin|cabin|remote cabin"""
Sword Master: Jer√≥nimo | Hero Intro | Whiteout Survival,Whiteout Survival,Gaming,US,10/12/2024,11:30:20,0.57,746334,11340,0.016113429,"""whiteout survival|survival|whiteout|hero|Jer√≥nimo|snow|ice"""
F1 Sprint Highlights | 2024 Sao Paulo Grand Prix,FORMULA 1,Sports,US,11/2/2024,15:14:12,6.0,3988276,68321,0.017940082,"""F1|Formula One|Formula 1|Sports|Sport|Action|GP|Grand Prix|Auto Racing|Motor Racing"""
"Reload Desert Drop: New Map, Solos, and More",Fortnite,Gaming,US,11/1/2024,22:43:59,0.5,3357120,43770,0.013828818,"""yt:cc=on"""
Adopting a Chihuahua,Jonny Devaney,Entertainment,US,11/1/2024,13:49:40,1.35,958199,76016,0.080174369,"""[none]"""
Skeleton Crew | Official Trailer | Disney+,Star Wars,Entertainment,US,11/1/2024,14:00:32,2.0,3409821,32695,0.0111739,"""star wars|skeleton crew|neel|disney+|star wars show|star wars kids|star wars kids show|pirates"""
How Destructive Is Our Harpoon Cannon?,How Ridiculous,Sports,AU,11/1/2024,22:00:11,22.5,781037,34669,0.046159145,"""how ridiculous|rexy|44club"""
This Is What Happens When a Psychopath Chooses Chaos - Once Human,Let's Game It Out,Gaming,US,11/1/2024,19:00:03,28.02,1522580,66821,0.045348684,"""let's game it out|lets game it out|let game it out|let'sgameitout|letsgameitout|letgameitout|game it out|gameitout|lgio|josh let's game it out|let's game it out josh|lgio josh|josh lgio|let's game it out simulator|josh simulator|funny moments|once human|once human game|once human gameplay|once human the way of winter|the way of winter|once human update|once human game guide|let's game it out once human|this is what happens|psychopath chooses chaos"""
Squid Game: Season 2 | Official Teaser | Netflix,Netflix,Entertainment,US,10/31/2024,19:00:05,1.88,15273051,448451,0.030496657,"""2024|456|Childhood Games|Choi Seung-hyun|Coming Soon|Dec 26|Fandom|Gi-hun|Global Phenomenon|Jo Yu-ri|KContent|Kang Ae-sim|Kang Ha-neul|Lee Byung-hun|Lee Jung-jae|Netflix|News|Official Teaser|Park Sung-hoon|Pink Guards|Player 456 Front Man|Red Light Green Light|Season 2|Series|Squid Game|Squid Game 2|Squid Game Doll|Teaser|Teaser Trailer|Wi Ha-jun|Yang Dong-geun|Yim Si-wan|Young-hee"""
BABYMONSTER - 'DRIP' M/V,BABYMONSTER,People & Blogs,KR,11/1/2024,4:00:06,3.12,50509236,1457958,0.03039159,"""BABYMONSTER|Î≤†Ïù¥ÎπÑÎ™¨Ïä§ÌÑ∞|Î≤†Î™¨|BABYMON|BAEMON|ÌïòÎûå|ÏïÑÌòÑ|Î£®Ïπ¥|ÏπòÌÇ§ÌÉÄ|ÌååÎ¶¨ÌÉÄ|Î°úÎùº|ÏïÑÏÇ¨|HARAM|AHYEON|RUKA|CHIQUITA|PHARITA|RORA|ASA"""
BABYMONSTER - ‚ÄòCLIK CLAK‚Äô PERFORMANCE VIDEO,BABYMONSTER,People & Blogs,KR,11/3/2024,4:00:07,2.98,15169111,540075,0.036793982,"""BABYMONSTER|Î≤†Ïù¥ÎπÑÎ™¨Ïä§ÌÑ∞|Î≤†Î™¨|BABYMON|BAEMON|ÌïòÎûå|ÏïÑÌòÑ|Î£®Ïπ¥|ÏπòÌÇ§ÌÉÄ|ÌååÎ¶¨ÌÉÄ|Î°úÎùº|ÏïÑÏÇ¨|HARAM|AHYEON|RUKA|CHIQUITA|PHARITA|RORA|ASA"""
"Unc & Ocho RIP Ezekiel Elliott, Dak Prescott & lowly Dallas Cowboys after loss to Falcons | Nightcap",Nightcap,Sports,US,11/4/2024,5:31:28,23.1,344641,7716,0.026206981,"""Nightcap|Shannon Sharpe|Ochocinco|Chad Johnson|Chad Ochocinco|Club Shay Shay|Nightcap Podcast|Shannon Sharpe Podcast|Ochocinco Podcast"""
Ruud van Nistelrooy off to winning start! ‚úÖ | Man Utd 5-2 Leicester | Carabao Cup Highlights,Sky Sports Football,Sports,GB,10/30/2024,22:13:43,4.57,1698570,16053,0.01060127,"""Carabao Cup|EFL Cup|League Cup|Carabao Cup 2024/25|Carabao Cup Highlights|EFL Cup Highlights|League Cup Highlights|Football Highlights|Sky Sports Football|Sky Sports Premier League|Sky Sports|Sky Sports Carabao Cup|carabao highlights 1920|Man Utd 5-2 Leicester"""
No. 4 Ohio State Buckeyes vs. No. 3 Penn State Nittany Lions Highlights | FOX College Football,CFB ON FOX,Sports,US,11/2/2024,19:39:09,14.93,704706,6392,0.010942152,"""cfb on fox|cfb|college football|fox college football|fs1|fox sports|Colorado Buffaloes|Deion Sanders"""
Fortnite CHAPTER 2 is HERE!,SypherPK,Gaming,US,11/2/2024,14:10:23,13.0,1607021,45185,0.029666072,"""fortnite|fortnite battle royale|competitive|gaming|highlights|gameplay|fortnite highlights|fortnite tips|stream highlights|how to play|fortnite gameplay|sypher|new update|sypherpk|fortnite update|fortnite new patch|fortnite new item|everything epic didnt tell you|fortnite new update|fortnite leaks|fortnite event|mr beast fortnite|undercover|fashion show|Fortnite chapter 5|asianjeff"""
MARIAH CAREY - IT'S TIME!!!! (2024),Mariah Carey,Music,US,11/1/2024,4:00:28,0.92,2008768,150826,0.079180871,"""[none]"""
skibidi toilet multiverse 043,DOM Studio,Film & Animation,GB,11/2/2024,12:59:45,5.05,3717799,172308,0.04891039,"""skibidi|skibidi toilet|skibidi dom dom yes yes|Cameraman|Speakerman|tvman|Clockman|Drillman|Camera man|Speaker man|Tv man|Clock man|Titan Cameraman|Titan Tvman|skibidibopyesyesyes|TV show|Sfm|Blender|movie|war documentary|fiction|Secret episode|secret|New episode|Business|Skibidi multiverse|multiverse|Skibidi toilet multiverse|Horror|action|comedy|prank|Fortnite|worst|Best|Mrbeast|Challenge|surprise|Titan Speakerman|Titan Clockman|Titan Drillman|Anime|what"""
Planet X Returns! - Part 2,SolarBalls,Education,GB,11/2/2024,15:00:07,8.05,496285,27859,0.064765205,"""solarballs|solarball|cosmos|scifi|sci fi|space|galaxy|solar system|animation|fun|comedy|space animation|cartoon|shut up cartoons planets|shut up planet cartoon|spaceball|spaceballs|space balls|moon|moons|earth|luna|sun|planet X|big bang|the big bang|big bang theory"""
Tom Brady breaks down the Lions' DOMINANT win over the Packers | NFL on FOX,NFL on FOX,Sports,US,11/4/2024,1:04:15,4.5,198410,4252,0.024953379,"""lions|packers|nfl|tom brady|NFL|NFC|Football|fs1|fox sports|fox sports 1|sports|sports news|NFL on FOX|trade rumors|AFC|AFC South|AFC North|NFC South|NFC North|NFC West|NFC East|AFC West|AFC East|2024 NFL regular season|national football league|latest NFL news"""
England v Toa Samoa | 2nd International Test | Match Highlights,NRL - National Rugby League,Sports,AU,11/2/2024,16:41:18,5.28,255721,2164,0.010585756,"""Fox Sports|Games|Highlights|Matches|NRL|NRL 2023|NRL 23 highlights|NRL Full Match Replay|NRL Game Highlights|NRL Live|NRL Match Highlights|NRL Womens|NRL highlights|NRL pre-season|NRL trials|NRL23|NRLW|National Rugby League|Nine|Rugby|Rugby League|Rugby League Highlights|State of Origin|Telstra Premiership|Watch NRL|nrl 2023 highlights|nrl draw|nrl schedule|nrl trials|nrl women's highlights|rugby league highlights"""
GLITCHX 2024,GLITCH,Film & Animation,AU,11/1/2024,22:00:06,54.52,1731917,132161,0.081275835,"""glitch|glitch productions|digital circus|the amazing digital circus|murder drones|Pomni|Uzi|Jax|Ragatha|Kinger|Gangle|Zooble|Caine|Bubble|3D|Animation|3D Animation|Indie Animation|Gummigoo"""
First To Get A Full Shiny Legendary Team Wins,PM7,Gaming,US,11/1/2024,14:24:21,22.98,405151,18851,0.048579419,"""pokemon|pm7|pokemon randomizer|legends za|pokemon legends za|pokemon challenge|pm7 challenge|mandjtv|mandjtv plays|pm7 mandjtv|mandjtv pm7|john michael cup|jmc|jmc season 3|legendary pokemon|legendaries|shiny legendary pokemon|pm7 legendary pokemon|pokemon but everything is legendary|shiny legendary team|first to get a full shiny legendary team wins|pm7 shiny legendary team|pokemon randomly evolve every level|shiny pokemon|pokemon race|pokemen7 plays"""
"I Found a WW2 German Spy Cave, Hidden in the American Desert?",Desert Drifter,People & Blogs,US,11/1/2024,19:12:41,25.2,411692,21141,0.056459683,"""[none]"""
Microsoft Sucks at Everything,NakeyJakey,Comedy,US,10/31/2024,22:22:23,27.1,1555099,111658,0.077150072,"""[none]"""
Laufey - Santa Baby (Official Music Video),Laufey,Music,US,11/1/2024,14:00:06,4.05,2133595,106454,0.051648509,"""laufey|laufey lin|chill|lyric video|everything i know about love|laufey video|jazz|jazzy|everything i know|layvay|lay vay|slow|Lauvey|Laufey|from the start|fts|visualizer|official visualizer|new music|tiktok|laufey tiktok|classical|ballerina|music school|new song|lyrics|lyric|bewitched|music video|new album|live|acoustic|christmas|holiday|a very laufey holiday|winter wonderland|winter"""
"Yankees have the worst inning in World Series history, a breakdown",Jomboy Media,Entertainment,US,11/2/2024,0:49:08,12.98,1531506,52799,0.037785683,"""a breakdown|mlb|jomboy videos|jomboy|jake sucks|talkin yanks|jomboy podcast|tv podcast|just talkin podcast|mlb breakdowns|Talkin yanks|jomboy jake radio"""
livin' like leah | halloween special with ppg :),Leah Kateb,People & Blogs,US,11/2/2024,1:44:24,15.25,309611,22945,0.078078621,"""[none]"""
My dog (Oatmeal) insists on swimming (even when it's cold! ‚ùÑÔ∏è),Adria and Oatmeal,Music,US,11/2/2024,13:00:25,1.08,504485,35319,0.070234001,"""[none]"""
NickEh30 reacts to Fortnite Remix Live Event!,Nick Eh 30,Gaming,CA,11/2/2024,5:26:50,15.22,890740,15322,0.018544132,"""fortnite|fortnite gameplay|fortnite battle royale|fortnite funny moments|fortnite new update|fortnite victory royale|Fortnite Item Shop|Fortnite funny|Fortnite tips|Fortnite Update|Fortnite How To Win|Fortnite how to play|Fortnite Victory Royale|Fortnite tournament|fortnite best moments|Fortnite event|Nick eh 30|FORTNITE new map|Fortnite live|Fortnite nick eh 30|fortnite new season|Fortnite Chapter 5|Fortnite chapter 5 season 4|Fortnite season 4"""
*NEW* Fortnite Chapter 2 REMIX Battle Pass! (Free Juice WRLD),Ali-A,Gaming,GB,11/2/2024,7:26:00,8.23,409528,7424,0.019407708,"""fortnite chapter 2 remix battle pass|fortnite chapter 2 remix|fortnite chapter 2 remix battlepass|fortnite chapter 2|fortnite og 2 battle pass|fortnite og 2 battlepass|fortnite battle pass|fortnite|chapter 2|remix|battle pass|alia|ali a|new|juice wrld|snoop dog|ice spice|free|fortnite juice wrld|fortnite snoop dog|fortnite ice spice"""
"""Barbering and Fashion: HoWStyle Infiuences Haircuts",Tha Lagend Official ,Howto & Style,US,11/1/2024,19:28:52,1.23,378824,24136,0.064364982,"""[none]"""
Cody Gakpo strikes TWICE as Reds progress! üí™| Brighton 2-3 Liverpool | Carabao Cup Highlights,Sky Sports Football,Sports,GB,10/30/2024,21:59:26,4.68,958859,7285,0.008061665,"""Sky Sports|Sky Sports Football|Carabao Cup|EFL Cup|League Cup|Carabao Cup 2024/25|Carabao Cup Highlights|EFL Cup Highlights|League Cup Highlights|Football Highlights|Sky Sports Premier League|Sky Sports Carabao Cup|carabao highlights 1920|Liverpool|Brighton 2-3 Liverpool|Premier League|EPL|football highlights"""
Lil Uzi Vert - Chill Bae [Official Music Video],LIL UZI VERT,Music,US,11/1/2024,4:00:08,3.42,2823643,85622,0.032312513,"""Lil|Uzi|Vert|Lil Uzi Vert|Eternal Atake|Money Longer|LUV|Futsal Shuffle|That Way|Sanguine Paradise|XO Tour Life|XO Tour Llif3|Luv Is Rage|Luv is Rage 2|The Perfect LUV Tape|Worldstar|Akadmiks|Philly|Rap|Hip Hop|Atlantic Records|Generation Now|Roc Nation|nwE_BsjBSUw|New Patek|Je2OItlb4pY/edit|PLUTO X BABY PLUTO|PLUTO|Lil Uzi Vert Future|Lil Uzi Vert Future Pluto x Baby Pluto|Future|Future Pluto|Lil Uzi Pluto x Baby Pluto|Baby Pluto"""
G-DRAGON - POWER (Official Video),OfficialGDRAGON,People & Blogs,KR,10/31/2024,9:00:07,2.78,18596205,961748,0.056121612,"""[none]"""
things that make me irrationally angry,Ice Cream Sandwich,Comedy,US,11/1/2024,0:03:00,9.22,1485084,144580,0.1021982594923923,"""[none]"""
"irl HAUNTED HOUSE ft. MrBeast, xQc, Logan Paul, Fanum & Lexi RiveraüéÉüëªüíÄ",IShowSpeed,Gaming,US,10/31/2024,1:55:47,122.35,4821697,191732,0.041297908,"""ishowspeed"""
Spurs KNOCK OUT Premier League champions üò®| Tottenham 2-1 Man City | Carabao Cup Highlights,Sky Sports Football,Sports,GB,10/30/2024,22:31:44,2.85,855353,7017,0.009509524,"""Sky Sports|Sky Sports Football|Football League|Football Highlights|carabao highlights 1920|Goal|League Cup|League Cup Highlights|Tottenham Hotspur Stadium|Tottenham 2-1 Manchester City|Tottenham highlights|Man City highlights|Ange Postecoglou|Pep Guardiola|Timo Werner|Werner goal|Pape Sarr|Sarr goal|Nunes|Nunes goal|Bissouma clearance|Carabao cup draw|Carabao Cup round four|sky sports live|sky sports plus|spurs|guardiola|postecoglou|quarter-final"""
The Nightmare in the Tunnels (#20),Settled,Gaming,US,10/31/2024,21:43:40,16.17,397759,25736,0.067457933,"""Mory|Morytania|Area|Maxing|Max|OSRS|UIM|End|Game|Ultimate|Ironman|Old|School|Runescape|RS3|Settled|Settledrs|Progress|Video|Tricks|Tips|Bossing|Skilling|2007|2007Scape|Dream|Gear|Items|Boss|Episode|Settled UIM|UIM Settled|OSRS Settled|Morytania UIM|Morytania Ironman|Mory Ironman|Maxed UIM|UIM Maxing"""
OPENING MY SIDEMEN SUNDAY PRESENT!,Miniminter,Entertainment,GB,10/30/2024,19:05:59,19.93,1589826,57072,0.036300828,"""simon|sidemen|miniminter|mm7games|random|vlog"""
Horror Games - Scott The Woz,Scott The Woz,Gaming,US,10/31/2024,23:00:18,30.03,541880,43404,0.083789769,"""[none]"""
Cabela's Dangerous Hunts 2011: A Cursed Hunting Game,MandaloreGaming,Gaming,US,10/31/2024,18:45:00,45.75,795246,41310,0.057335718,"""cabela's dangerous hunts|cabela's dangerous hunts 2011|cabela's dangerous hunts 2011 review|cabela's|cabela's dangerous hunts review|cabela's 2011|cabela's game|cabela's 2011 review|dangerous hunts|dangerous hunts review|dangerous hunts 2011|dangerous hunts 2011 review|dangerous hunts game|cabela's dangerous hunts 2011 gameplay|dangerous hunts gameplay|mandaloregaming|mandalore gaming|mandalore|hunting pc game|dangerous hunts 2|dangerous hunts 2 review|cabela"""
Pacific Championships 2024 | Kumuls v Aitu | Match Highlights,NRL - National Rugby League,Sports,AU,11/3/2024,7:33:03,4.8,131078,1841,0.015868414,"""NRL|National Rugby League|Games|Matches|Highlights|Rugby|Telstra Premiership|Fox Sports|State of Origin|Nine|NRL Highlights|NRL Game Highlights|Rugby League Highlights|Rugby League|NRL Full Match|NRL Live|Watch NRL|NRL Match Highlights|Rugby league highlights|NRL 2023|NRL 2023 highlights|NRL23|NRL23 highlights|NRL scores|nrl schedule|nrl draw"""
The Weeknd - S√£o Paulo feat. Anitta (Official Music Video),TheWeekndVEVO,Music,CA,10/31/2024,0:00:07,3.5,9196980,408850,0.052093513,"""The Weeknd|Anitta|XO Republic Records"""
Young Thug Gives Heartfelt Speech Before Walking Out of YSL Trial,Law&Crime Trials,Entertainment,US,10/31/2024,23:00:39,9.32,834732,16970,0.02344465,"""law and crime|law and crime network"""
"World Cup Finals Import vs Domestic, Day 1 Qualifying! The EAGLE Has Landed!",That Track Channel,Autos & Vehicles,US,11/1/2024,6:53:42,26.35,407982,14460,0.037763921,"""world cup finals|world cup finals 2024|world cup finals maryland|the best race ever|wcf 2024|maryland international raceway|mir 2024|maryland international raceway 2024|world cup finals day 0|world cup finals day 1|world cup finals testing|world cup finals qualifying|world cup finals live stream|world cup finals live|world cup drag racing|world cup finals import vs domestic|world cup drag racing 2024 live|world cup drag racing 2024|world cup qualifying"""
Spooky Month short: Kevin's Dream job,Sr Pelo,Film & Animation,MX,10/31/2024,18:00:06,2.85,1271794,157213,0.129821339,"""Animation|Animacion|sr Pelo|pelo|Sir Pelo|spooky month|spooky short|skid|pump|kevin|lila|roy|robber|ross|susie|Jaune|Jack|John|Bob|Rick|Carmen|Dexter|Happy Fella|Candy|Candy shop|Moloch|Gregor|Radford|Cats|Skeleton|Pumpkin|Trick or treat|masks|costumes|dia de brujas|fnf|friday night funkin|boyfriend|spider|shadow|crying|centipede|dirt|insects|patty azure|morgue|guts|green|cosmic|stars|candy store|hatzgang|water balloon|Frank|tree|Dad|flashback|witch|Indie animation"""
Tottenham Hotspur 2-1 Man City | Carabao Cup Highlights | Werner and Sarr send Spurs into quarters,Tottenham Hotspur,Sports,GB,10/31/2024,0:00:13,8.17,3669382,50691,0.014318215,"""Spurs|Tottenham Hotspur|ÌÜ†Ìä∏ÎÑò|ÏÜêÌù•ÎØº"""
RUUD'S FIRST GAME! | Manchester United v Leicester City extended highlights,EFL,Sports,GB,10/31/2024,0:21:01,11.07,2739566,51252,0.019446511,"""EFL|Goal|Save|Championship|League One|League Two|Sky Bet|Football|Soccer|Premier League|Yesterday|yesterdays|goals|Carabao Cup|League"""
Halloween Special: Mummies!,Overly Sarcastic Productions,Education,US,10/31/2024,15:00:28,47.9,515270,40537,0.085153415,"""Funny|Summary|OSP|Overly Sarcastic Productions|Analysis|Literary Analysis|Myths|Legends|Classics|Literature|Stories|Storytelling|History|Mythology"""
"Tyler, The Creator - Chromakopia ALBUM REVIEW",theneedledrop,Music,US,10/31/2024,4:18:05,18.68,1290941,56055,0.047160947,"""album|review|music|reviews|indie|new|lyrics|listen|track|concert|live|update|the needle drop|anthony fantano|vlog|talk|discussion|music nerd|song|tyler the creator|rap|hip hop|noid|st chroma|reaction"""
"Bobby Lashley comes face-to-face with Swerve Strickland at FRIGHT NIGHT! | 10/30/24, AEW Dynamite",All Elite Wrestling,Sports,US,10/31/2024,2:30:16,11.6,1526593,38933,0.027970127,"""aew|aew dynamite|aew dynamite highlights this week|aew dynamite highlights|all elite wrestling|pro wrestling|aew on tbs|aew rampage|aew highlights|aew zero hour|aew buy in|AEW TV|swerve strickland|shelton benjamin|prince nana|mvp|mvp aew|shelton benjamin aew|bobby lashley|bobby lashley aew|bobby lashley aew debut|aew fight forever"""
MAKE THEM BELIEVE | T1 vs BLG: The Grand Finals |  Worlds 2024,LoL Esports,Gaming,US,11/2/2024,8:32:37,7.18,1567230,65422,0.04434448,"""Worlds 2024|worlds|league of legends|worlds league of legends|worlds 2024|esports|lck|lcs|lpl|cblol|lla|lec|pcs|vcs|swiss stage|worlds 2024 league of legends|lol esports|lol 2024|lol worlds 2024"""
FINAL FANTASY XIV Patch 7.1 - Crossroads,FINAL FANTASY XIV,Gaming,JP,11/1/2024,11:03:22,3.43,119820,0,0.0,"""FF14|FFXIV|Final Fantasy XIV (Video Game)|„Éï„Ç°„Ç§„Éä„É´„Éï„Ç°„É≥„Çø„Ç∏„Éº|MMO|„Çπ„ÇØ„Ç¶„Çß„Ç¢„Éª„Ç®„Éã„ÉÉ„ÇØ„Çπ|„Çπ„ÇØ„Ç®„Éã|SQUARE ENIX|ÊºÜÈªí„ÅÆ„É¥„Ç£„É©„É≥„Ç∫|Shadowbringers|ÊöÅÊúà„ÅÆ„Éï„Ç£„Éä„Éº„É¨|Endwalker|ÈªÑÈáë„ÅÆ„É¨„Ç¨„Ç∑„Éº|Dawntrail"""
Lady Gaga - Disease (Official Music Video),LadyGagaVEVO,Music,US,10/30/2024,1:00:34,4.37,9151326,509068,0.060906474,"""Lady Gaga|Interscope Records|Pop"""
EPIC: The Musical - SAGAS 1-8 The Vengeance Saga release party,Jorge Rivera-Herrans,Entertainment,PR,10/31/2024,4:00:16,56.6,1152028,96185,0.088194905,"""[none]"""
How Big Can Godzilla Get?,EYstreem,Gaming,AU,11/1/2024,1:00:16,23.4,2209436,34751,0.016691137,"""Eystreem|eyestream|eystream|minecraft|roleplay|funny|troll|prank|secret|hidden|tutorial|minecraft phone|minecraft bedrock edition|How big can godzilla get|Minecraft but I become godzilla|fighting godzilla in minecraft|pranking my friend in minecraft|pranking my friend with godzilla in minecraft|minecraft ultimate boss|modded minecraft|I fooled my friends with godzilla in minecraft"""
Celtic 2-0 Dundee | Johnston and Engels Keep Celtic Top of the Table | William Hill Premiership,SPFL,Sports,GB,10/31/2024,0:00:31,5.1,142092,990,0.007797765,"""SPFL|SPFL Highlights|Scottish football highlights|scottish football goals|Scottish Premiership|Scottish Premiership highlights"""
Six Hundred Strike,Jorge Rivera-Herrans - Topic,Music,PR,10/30/2024,10:02:56,3.53,1581782,42179,0.029969364,"""Jorge Rivera-Herrans|Steven Rodriguez|Cast of EPIC: The Musical|EPIC: The Vengeance Saga (Official Concept Album)|Six Hundred Strike"""
British Men Try Swedish Snacks,James Marriott,Comedy,GB,10/30/2024,13:08:02,26.35,354129,20759,0.065199405,"""James Marriott"""
Have the coziest November in Hay Day,Hay Day,Gaming,FI,10/31/2024,7:50:00,1.98,1100593,18706,0.017781323,"""Hay Day|HayDay|Supercell|Suprcell|Farming|Farm life|mobile|tablet|mobile game|game|yt:cc=on|ios|android|amazon|series|farmer|pig|horse|cow|sheep|goat|puppy|dog|kitten|cat|fishing|sanctuary|elephant|zebra|giraffe|hippo"""
Marvel Studios | Look Ahead | Disney+,Marvel Entertainment,Entertainment,US,10/30/2024,13:30:06,1.88,1898258,83062,0.046419928,"""marvel|comics"""
Houston Texans vs. New York Jets Game Highlights | NFL 2024 Season Week 9,NFL,Sports,US,11/1/2024,3:44:50,12.37,2200234,24044,0.01235005,"""[none]"""
Dangerous,Jorge Rivera-Herrans - Topic,Music,PR,10/30/2024,10:01:07,3.4,1364399,35685,0.027299199,"""Jorge Rivera-Herrans|TROY|Diana Rivera-Herrans|EPIC: The Vengeance Saga (Official Concept Album)|Dangerous"""
Deliver Justice! Clash of Clans New Season,Clash of Clans,Gaming,US,10/31/2024,13:00:17,1.02,462575,15688,0.03676593,"""clash of clans|COC|Clash of Clans Gameplay|Clash of Clans Strategy|Clash of Clans Animation|Clash of Clans Commercial|Clash of Clans Attacks|Clash of Clans Town Hall|Hog Rider|PEKKA|Clan Wars|season challenges|clan war leagues|clash on|clan game|clan games|clash-a-rama|clasharama|justice|justice season|war machine scenery|Judgment King|Justice Queen|Grand Judge|Justice Scenery|clash of clans new season|clash season|hammer jam"""
Nintendo Music ‚Äì Announcement Trailer,Nintendo of America,Gaming,US,10/30/2024,22:04:08,2.47,1301164,81632,0.074716946,"""nintendo|game|gameplay|fun|video game|action|adventure|rpg|play|switch|nintendo switch"""
"Lady Gaga, Bruno Mars - Die With A Smile (Live in Las Vegas)",Bruno Mars,Music,US,10/30/2024,1:00:22,4.7,10652596,349027,0.033859164,"""bruno mars|bruno|atlantic records|official video|pop music|R&B|funk|soul|bruno mars lady gaga|bruno mars lady gaga die with a smile|die with a smile|lady gaga bruno mars live|die with a smile live|lady gaga die with a smile|bruno mars die with a smile"""
I bought a BROKEN BUGATTI VEYRON! My first million dollar hooptie?,Hoovies Garage,Autos & Vehicles,US,10/30/2024,17:48:17,18.48,749358,41590,0.062586908,"""[none]"""
"Pure CHAOS! Jon Moxley, AEW World Champion, responds to Orange Cassidy! | 10/30/24, AEW Dynamite",All Elite Wrestling,Sports,US,10/31/2024,2:15:00,9.57,610145,12782,0.022768358,"""aew|aew dynamite|aew dynamite highlights this week|aew dynamite highlights|aew on tnt|aew road to|all elite wrestling|pro wrestling|aew on tbs|aew rampage|aew highlights|aew rampage highlights|aew zero hour|aew buy in|AEW TV|jon moxley|pac|claudio castagnoli|marina shafir|wheeler yuta|orange cassidy|private party"""
MacBook Pro Announcement - October 30,Apple,Science & Technology,US,10/30/2024,15:11:07,16.88,23126483,70656,0.003055199,"""Apple|Apple announcement|keynote|MacBook Pro announcement|MacBook Pro|Apple Intelligence|October 2024"""
BABYMONSTER - 'CLIK CLAK' M/V,BABYMONSTER,People & Blogs,KR,10/30/2024,4:00:02,2.92,45577225,1182891,0.027215874,"""BABYMONSTER|Î≤†Ïù¥ÎπÑÎ™¨Ïä§ÌÑ∞|Î≤†Î™¨|BABYMON|BAEMON|ÌïòÎûå|ÏïÑÌòÑ|Î£®Ïπ¥|ÏπòÌÇ§ÌÉÄ|ÌååÎ¶¨ÌÉÄ|Î°úÎùº|ÏïÑÏÇ¨|HARAM|AHYEON|RUKA|CHIQUITA|PHARITA|RORA|ASA"""
Central Cee - One By One | A COLORS SHOW,COLORS,Music,DE,10/29/2024,19:00:08,3.0,2037788,57670,0.029404923,"""colorsstudios|colorsberlin|All Colors Shows|A COLORS SHOW|colors|colorsxstudios|live session|live performance|colours|studios|Music Video|Central Cee|Doja|Central|Cee|Central C|Cench"""
Jimmy Fallon Gets Spooked By Spicy Wings | Hot Ones,First We Feast,Entertainment,US,10/31/2024,15:00:03,24.4,2177229,88637,0.042387824,"""First we feast|fwf|firstwefeast|food|food porn|cook|cooking|chef|recipe|cocktail|bartender|craft beer|spicy food|foodie|burgers|food documentary|PETER DINKLAGE|venom|venom last dance|kevin feige|marvel|mcu|sony marvel|spiderman|tom holland"""
Can I Break A Professional Course Record In One Try?,Bryson DeChambeau,Sports,US,10/30/2024,19:42:35,30.97,997962,24284,0.026062115,"""bryson dechambeau|break 50|golf|golfing|golf match|pro golfer|bryson break 50|bryson dechambeau golf|bryson dechambeau highlights|Can I Break A Professional Course Record In One Try?|course record|public golf course|breaking golf course records|bryson dechambeau course record series|i broke the course record|breaking course records|professional golfer|Can I Break A Public Course Record In One Try?|professional golf course"""
Dodgers vs. Yankees World Series Game 5 Highlights (10/30/24) | MLB Highlights,MLB,Sports,US,10/31/2024,5:24:46,15.35,4312517,58595,0.015126201,"""mlb|baseball|sports|mlb highlights|sports highlights|baseball highlights"""
Please Stop Making Venom Movies,The Cosmonaut Variety Hour,Entertainment,US,10/30/2024,22:26:27,8.38,396330,23439,0.063336109,"""[none]"""
How to Ruin Geometry Dash,GD Colon,Gaming,CA,10/30/2024,19:00:06,17.87,419946,26052,0.07526682,"""gdcolon|gd colon|geometry dash|geometry dash lite|geometry dash free|battle pass|gacha|free games|if geometry dash was free|free mobile games being stinky and really really bad"""
Atlas Goes Hands On,Boston Dynamics,Science & Technology,US,10/30/2024,13:44:10,2.88,1568730,59282,0.042444525,"""boston dynamics|atlas|electric atlas|robots|robotics|humanoid robot|boston dynamics atlas|boston dynamics electric robot atlas|what's new atlas|boston dynamics atlas parkour|boston dynamic robots|atlas robot|boston dynamics robot|boston dynamics atlas video|how does atlas work?"""
I Got Every Fortnite Achievement,LazarBeam,Gaming,AU,10/29/2024,2:32:39,31.88,3795414,133104,0.036216076,"""[none]"""
MILAN-NAPOLI 0-2 | HIGHLIGHTS | Lukaku and Kvaratskhelia sink Rossoneri | Serie A 2024/25,Serie A,Sports,IT,10/29/2024,22:17:57,2.37,1793122,34471,0.019846949,"""Serie A|Dybala|highlights|Juventus|AC Milan|Inter Milan|Napoli|Roma|goals|full highlights|watch|partita|migliori gol|gol del mese|calcio|Italia|lukaku|Lazio|highlights serie a|highlights inter|highlights juventus|highlights milan|highlights juve|highlights roma|lautaro|lautaro martinez|inter|juventus|juve|liga italiana|liga italia|lega italiana|lega italia|milan-napoli 0-2|milan-napoli highlights|kvaratskhelia|neres|mctominay|gilmour"""
How Ruben Amorim Will Setup Man Utd,Statman Dave,Sports,GB,10/29/2024,17:41:59,24.07,459928,9302,0.023175367,"""statman dave|ruben amorim|ruben amorim sporting|ruben amorim tactics|ruben amorim manchester united|ruben amorim man utd|sporting tactics|sporting|sporting cp|sporting goals|ruben amorim next job|ruben amorim update|ruben amorim 23/24|ruben amorim 24/25|viktor gyokeres|gyokeres transfer|goncalo inacio|ousmane diomande|fabrizio romano|david ornstein|the athletic|tactics explained|next man utd manager|erik ten hag|man utd|manchester united"""
Yeat & Quavo - 5BRAZY [Official Music Video],Yeat Music,Music,US,10/30/2024,17:45:03,3.37,1066290,74546,0.073824194,"""yeat|summrs|lyfestyle|go2work|go to work|lyfe|afterlyfe|quavo|migos|offset|travis scott|huncho jack"""
Unc & Ocho in DISBELIEF over Tom Brady post after Gisele pregnancy announcement üò± | Nightcap,Nightcap,Sports,US,11/1/2024,13:00:17,10.65,401226,8547,0.027081994,"""Nightcap|Shannon Sharpe|Ochocinco|Chad Johnson|Chad Ochocinco|Club Shay Shay|Nightcap Podcast|Shannon Sharpe Podcast|Ochocinco Podcast"""
Judge Sends Young Thug Home After Over 700 Days in Jail,Law&Crime Trials,Entertainment,US,10/31/2024,23:30:18,17.83,404231,7257,0.022811214,"""law and crime|law and crime network"""
The Most Fundamental Rule You've Never Heard Of,Veritasium,Education,US,10/29/2024,12:09:04,32.73,4370098,196878,0.046907186,"""veritasium|science|physics|Veritasium|math|quantum mechanics|Johann Bernoulli|Isaac Newton|principle of least action|problem of fastest descent|Snell‚Äôs Law|Pierre Louis Maupertuis|Fermat‚Äôs principle|Leonhard Euler|Joseph-Louis Lagrange|Hamilton‚Äôs principle"""
‚ÄúTouch‚Äù Halloween Special Performance | KATSEYE,KATSEYE,Music,US,10/30/2024,15:02:37,2.7,2625812,178726,0.070051474,"""[none]"""
Nuketown Launch Trailer | Call of Duty: Black Ops 6,Call of Duty,Gaming,US,10/29/2024,17:00:11,1.28,827562,33510,0.044023288,"""call of duty|cod|activision"""
This was one of the BIGGEST CHOKES EVER in the World Series...,Gomer Simpson ,Gaming,US,10/31/2024,6:29:00,7.0,571671,8405,0.020009761,"""GomesDaLegend|MLB 23|MLB The Show 23|What To Do First MLB 23|MLB 23 Tips|Make Stubs Fast MLB 23|MLB 23 Gameplay|MLB 23 New Features|MLB 23 News|Market Tips MLB 23|New Legends MLB 23|Free Packs MLB 23|Fast XP MLB 23|Best XP Method MLB 23|Ballplayer Tips MLB|No Money Spent MLB|MLB 23 Tier List|Best Cards MLB 23|MLB 23 NMS|Battle Royale MLB|Ranked Seasons MLB|MLB Pack Opening|NMS MLB The Show|Baseball|MLB|PS5|XBOX|Gaming|Sports"""
A NEW WEEK WITH ME | VLOG | MOLLYMAE,MollyMae,People & Blogs,GB,10/28/2024,17:22:59,34.3,844167,20359,0.024807888,"""[none]"""
Twenty One Pilots - Routines In The Night (Concert Film),twenty one pilots,Music,US,10/30/2024,17:00:06,3.42,598997,64167,0.1118102427891959,"""twenty one pilots|twenty one pilots official|the clancy world tour|twenty one pilots live|tyler performing in pit|twenty one pilots show|clancy tour|clancy tour columbus|routines in the night live|twenty one pilots with fans|clancy album|nationwide arena|twenty one pilots hometown show|clancy live|21 pilots tour|21 pilots live|21pilots|tyler joseph|clancy tour live|clancy tour audience|twenty one pilots tv|overcompensate|i am clancy|next semester"""
S√£o Paulo,The Weeknd - Topic,Music,CA,10/31/2024,0:04:07,5.03,1703099,59421,0.035453018,"""The Weeknd|„Ç∂„Ç¶„Ç£„Éº„ÇØ„Ç®„É≥„Éâ|„Ç∂„Éª„Ç¶„Ç£„Éº„ÇØ„Ç®„É≥„Éâ|Anitta|„Ç¢„Éã„ÉÉ„Çø|S√£o Paulo"""
Queer | Official Trailer HD | A24,A24,Film & Animation,US,10/29/2024,13:00:48,2.15,2059350,35453,0.018246534,"""a24|a24 films|a24 trailers|independent films|trailer|HD|official|movie|film|a24 movies|oscar winner|academy award winner"""
BREAKING NEWS! The Election's Most Difficult Decision‚Ä¶,CGP Grey,News & Politics,GB,10/29/2024,19:45:11,4.0,1398275,92182,0.065978438,"""cgpgrey|education|election|flags|maine"""
can we build a fully ORANGE townhouse in the sims? | rainbow townhouses pt 2,CarynandConnieGaming,Gaming,US,10/29/2024,16:18:27,30.4,559517,45065,0.083763317,"""the sims|ts4|sims build challenge|let‚Äôs build|sims 4 challenge|sims challenge|challenge|sims 4|carynandconnie|Caryn and connie|family friendly|build challenge|house building|sims 4 build|the sims 4|how to build|sims hacks|sims tips|sims tricks|sims cheats|speed build|speedbuilding|home decor|rainbow house|rainbow houses|rainbow townhouses|rainbow|townhouses|apartments|for rent|red house|color challenge|sims rainbow house|sims color challenge"""
I Tested Ridiculous Product Claims,Jack Pembrook,People & Blogs,US,10/29/2024,17:43:08,23.17,601717,20696,0.036523814,"""[none]"""
We Fell For The Oldest Lie On The Internet,Kurzgesagt ‚Äì In a Nutshell,Education,DE,10/29/2024,15:00:09,13.13,3471479,254780,0.07651465,"""[none]"""
I Bought The First 5 Things I Saw on TikTok Live,Safiya Nygaard,People & Blogs,US,10/29/2024,0:43:15,29.05,1837454,95385,0.053868015,"""i bought the first 5 things i saw on tiktok live|tiktok live haul|live shopping|qvc|highland crystal|wigs|crystal scoop|halara|windsor|athleisure|prom dress|haul|internet haul|shopping|tiktok|tiktok live|tiktok made me buy it|the internet made me buy it|safiya nygaard|safiya and tyler|sofia|sophia|safia"""
The Many Sins of Halloween Decorations,JonTronShow,Comedy,US,10/29/2024,18:25:13,13.55,899468,65392,0.076595276,"""jontron|jontronshow|halloween|decorations|funny|comedy"""
JUJU HAS IT ALL! | Brawl Stars Animation,Brawl Stars,Gaming,FI,10/30/2024,7:09:09,0.88,7702575,214980,0.029296826,"""brawl stars|mobile game|mobile strategy game|mobile rpg|mobile battle royale|battle royale|supercell game|juju|brawler|brawl talk|spike|amber|colette|champion|hero|voodoo|doll"""
Mac mini Announcement - October 29,Apple,Science & Technology,US,10/29/2024,15:20:31,12.05,10008157,59596,0.005954743,"""Apple|Apple announcement|keynote|Mac mini announcement|Mac mini|Apple Intelligence|October 2024"""
Lil Uzi Vert - We Good [Official Audio],LIL UZI VERT,Music,US,11/1/2024,4:00:53,2.1,446575,16534,0.039708895,"""Lil|Uzi|Vert|Lil Uzi Vert|Eternal Atake|Money Longer|LUV|Futsal Shuffle|That Way|Sanguine Paradise|XO Tour Life|XO Tour Llif3|Luv Is Rage|Luv is Rage 2|The Perfect LUV Tape|Worldstar|Akadmiks|Philly|Rap|Hip Hop|Atlantic Records|Generation Now|Roc Nation|nwE_BsjBSUw|New Patek|Je2OItlb4pY/edit|PLUTO X BABY PLUTO|PLUTO|Lil Uzi Vert Future|Lil Uzi Vert Future Pluto x Baby Pluto|Future|Future Pluto|Lil Uzi Pluto x Baby Pluto|Baby Pluto"""
Doodie Lo - My Bruddas Keeper (Official Video),Doodie Lo,Music,US,10/29/2024,17:18:41,2.8,639661,36587,0.063189721,"""Doodie Lo|Lil Durk|OTF|Free Lil Durk|King Von|Free Smurk|doodie lo smurkio flow|doodie lo me and doodie lo|doodie lo i swear to god|doodie lo istg|doodie lo streets raised me|sony a7s iii best settings|sony a7s iii|lil durk type beats|lil durk deep thoughts|doodie lo new music 2024|lil durk new music 2024"""
I do not recommend: 'Dragon Age: The Veilguard' (Review),Skill Up,Gaming,AU,10/28/2024,15:05:10,46.15,2096479,112086,0.066969905,"""skill up|skill|up|gameplay|games|guide|dragon age|dragon age bioware|dragon age the veilguard|the veilguard|new dragon age trailer|new dragon age game|dragon age release date|dragon age the veilguard release date|dragon age veilguard trailer|dragon age veilguard ign|dragon age veilguard gameplay|dragon age veilguard|dragon age veilguard character creation|dragon age veilguard classes|dragon age veilguard review|dragon age news|dragon age the veilguard review"""
"Denzel Curry, LAZER DIM 700 & Bktherula - Still In The Paint (Official Music Video)",Lyrical Lemonade,Music,US,10/30/2024,2:00:06,4.35,1074087,94134,0.091317556,"""waka flocka flame song|waka flocka lazer dim|lazer dim|denzel curry|zeltron|LAZER DIM 700|train music videos|subway music videos|lyrical lemonade music video|AMD Visuals|AMD music video|BK music video|hard in the paint music video|atlanta music videos|waka flocka flame music video|LAZER DIM music video"""
