title,channelTitle,category,tags,duration,live_content,view_count,likes,comment_count,subscriber_count,engagement_rate,total_view_count,channel_country,date,time
Donald Trump speaks after winning the 2024 Presidential Election,Fox News,News & Politics,"""Fox News Channel|FNC|Fox News|News|donald trump|swing states|battleground states|electoral college|2024 election|harris campaign|2024 elections|trump campaign|2024|2024 presidential election|fox news|fox news media|fox news channel|fox news network|politics|democrats|republicans|democratic party|republican party|trump v harris|trump live|trump speaking live|trump press conference|trump press briefing|2024 election results|donald trump live""",25.37,none,17317674,295258,26406,12300000,0.018574319,18199108495,US,11/6/2024,8:09:45
HIGHLIGHTS! City fall to Champions League defeat at Sporting | Sporting CP 4-1 Man City | UCL,Man City,Sports,"""man city|manchester city|mcfc|man city highlights|man city goals|city|city vs|man city vs|man city v|video|live|men's team|haaland|pep guardiola|kevin de bruyne|interviews|press conference|pep|city v|guardiola|ucl|champions league|uefa|uefa champions league|etihad|match preview|press|2024/25|sporting|sporting lisbon|sporting v city|sporting v man city|sporting lisbon v city|bernardo silva|silva|sporting cp v city|sporting cp v man city""",2.32,none,3626731,58303,3082,7810000,0.016925711,2146531160,GB,11/5/2024,23:00:09
SIDEMEN AMONG US BUT THE WHOLE LOBBIES INFECTED,MoreSidemen,People & Blogs,"""sidemen|moresidemen|miniminter|ksi|zerkaa|behzinga|tbjzl|vikkstar|wroetoshaw""",53.78,none,4512307,177434,6812,8970000,0.040831885,4810309451,GB,11/2/2024,17:45:02
The Most Insane Weapon You Never Heard About,Kurzgesagt ‚Äì In a Nutshell,Education,"""[none]""",13.93,none,2183026,127840,7483,23100000,0.061988726,3004389187,DE,11/5/2024,15:00:02
Race Highlights | 2024 Sao Paulo Grand Prix,FORMULA 1,Sports,"""F1|Formula One|Formula 1|Sports|Sport|Action|GP|Grand Prix|Auto Racing|Motor Racing""",8.17,none,6653138,138812,9563,11200000,0.022301506,7315622433,US,11/3/2024,18:43:53
Australia v Pakistan - 1st ODI Full Match Highlights I 04/11/24 I Fox Cricket,Fox Cricket,Sports,"""Australia|Australia vs. Pakistan|Pakistan""",15.87,none,113826,1021,272,452000,0.011359443,125968599,AU,11/4/2024,11:06:54
Angel Edgar VS Demon Mortis - Animation,Brawl Stars,Gaming,"""brawl stars|brawler|edgar|mortis|angel|demon|brawl pass|new season|animation|kit|skins|battle|fight|epic|supercell""",1.15,none,3230074,199022,8465,20600000,0.06423599,2941932208,FI,11/6/2024,9:15:40
Australia v Pakistan | First ODI | ODI Series 2024-25,cricket.com.au,Sports,"""ausvpak""",8.23,none,5356833,94977,4110,9350000,0.01849731,5114337811,AU,11/4/2024,11:10:00
"On These Questions, Smarter People Do Worse",Veritasium,Education,"""veritasium|science|physics|Veritasium|maths|politics|political identity|political beliefs|political ideology|heuristic thinking|democracy|Protective Cognition|political science|communication|Dan Kahan|cultural cognition|heuristics|numeracy|cognitive bias""",14.58,none,2618243,133110,11361,16600000,0.055178606,2891769897,US,11/4/2024,16:48:03
My Daughter's Emotional 15th BIRTHDAY SURPRISE,Jordan Matter,Entertainment,"""nidal wonder|salish matter|nalish|knotts berry farm|birthday surprise|best friends|say say matter|jordan matter|15th birthday|roller coasters|target""",28.12,none,11660038,255487,46531,26000000,0.025901974,9339650713,US,11/2/2024,14:00:07
I REBUILT MY WRECKED LAMBORGHINI TO PROVE MY INSURANCE WRONG,Mat Armstrong,Autos & Vehicles,"""mat armstrong|matt armstrong|copart rebuild|rebuilding a car|lamborghini crash|rebuilding a wrecked car|crash damaged|twin turbo|mat armstrong mk2|lamborghini gallardo|cheap lamborghini|twin turbo lamborghini""",40.3,none,2764409,145186,6076,3570000,0.054717663,489513321,GB,11/3/2024,18:01:03
The BEST BMW Cold Air Intake,Fritz Ramos,Autos & Vehicles,"""BEST Intake for the F30 BMW|f30 intake|f30 cold air intake|best cold air intake for BMW|best cold air intake for bmw n55|best cold air intake for b58|n20 cold air intake|f30 intake sound|f30 intake install|f30 intake scoop|f30 335i intake|f30 cold air intake sound|bmw f30 320i cold air intake|bmw f30 cold air intake sound|bmw 330i f30 cold air intake|bmw f30 335i cold air intake|f30 328i cold air intake|f30 335i cold air intake|bmw f30 afe intake""",1.5,none,1216091,57246,410,53300,0.047410926,18478734,US,10/30/2024,12:45:03
OG CHAPTER 2 MEMES,LazarLazar,Gaming,"""[none]""",12.42,none,2144477,92036,2649,4590000,0.044152957,378513210,AU,11/3/2024,3:22:38
I Brought Fresh Back to Chapter 2!,Lachlan,Gaming,"""fortnite battle royale|fortnite|lachlan|lachy|duos|new season|battle royal|lacy|laclan|epic games|gaming|esports|games|video games|poggies|battle royale|warzone|pubg|lachydachy|power|pwr|rocketleague|rlcs|fortniteupdate|update|battlepass|battle|pass|I Brought|Fresh|Back|to|Chapter|Chapter 2|OG Fortnite|OG Chapter 2|Chapter 2 Remix""",17.1,none,791113,24464,1051,15100000,0.03225203,5639892997,AU,11/4/2024,13:23:20
"$10,000 If You Can Beat My Rock, Paper, Scissors Robot",Mark Rober,Science & Technology,"""[none]""",19.28,none,8248770,224423,11798,58900000,0.028637118,8254447661,US,11/2/2024,15:00:37
Ludwig Eats His Last Meal,Mythical Kitchen,Entertainment,"""mythical kitchen|mythical|chef|josh|scherer|nicole|food|taste test|snack|smash|fears|fancy|fast|recipe|culinary|cooking|cook|bake|baking|mythical chef josh|culinary bro-down|good mythical kitchen""",43.43,none,774116,44137,1939,3400000,0.059520795,925431923,US,11/5/2024,11:01:04
"Baby John - Taster Cut | Atlee | Varun Dhawan, Keerthy Suresh, Wamiqa G, Jackie Shroff | 25th Dec",JioStudios,Entertainment,"""Jio Studios|Jio Cinema|Jio Saavn|Jio TV|Babbar Sher|Baby John|Baby John Varun Dhawan|Keerthy Suresh|WamiqaGabbi|Jackie Shroff|Rajpal Yadav|baby john teaser|babay john trailer|baby john promo|baby john movie|Varun Dhawan|Atlee|atlee movie|Jawan|atlee baby john|A. Kaleeswaran|baby John taster cut|taster cut|taster cut baby john|baby john official trailer|baby john first look""",1.97,none,27185242,413032,27404,863000,0.01620129,540683475,IN,11/4/2024,5:33:43
Fortnite Chapter 2 Remix Official Trailer,Fortnite,Gaming,"""yt:cc=on|Snoop Dogg|D O Double G|Dogg House|Doggfather|Doggpound|Eminem|Slim Shady|Rap God|Berzerk|Mom‚Äôs Spaghetti|Spaghetti Grotto|Ice Spice|Rap Princess|Bronx|Baddie|In Ha Mood|Oh Shhh|Ice Isle|Juice|Juice WRLD|999|chapter 2|ch2|fortnite ch2|fortnite chapter 2|fortnite chapter two|chapter 2 remix|fortnite remix|remix|fortnite chapter 2 remix|chapter 2 og|fortnite trailer|fortnite cinematic|fortnite launch trailer|fortnite official trailer""",1.83,none,7092115,203953,20629,12700000,0.031666435,2868172453,US,11/1/2024,22:43:59
Answering Tough Questions‚úÖ,Nidal Wonder,Entertainment,"""Javin|Nalish|Q&A|Questions|Answers|Nidal|Salish|Nidal and Salish|Naddi|Nidal and Addi|Dating|Broke up|Jealous|Jiji and Gavin|Gavin Magnus|Jiji wonder|Nidal wonder Quit YouTube""",9.7,none,1622760,38839,5537,3240000,0.027346003,527567738,US,11/3/2024,16:45:06
Election Touchscreen Map Takes Deeper Look Inside Key Swing Voter | Onion News Network,The Onion,Comedy,"""The Onion|comedy|satire|news|Onion News Network|ONN|ONNCast|humor""",3.18,none,1839959,121940,4053,2720000,0.068475982,1208069283,US,11/4/2024,18:00:04
Solo Winter Bushcraft Camping in Alaska,Outdoor Boys,Entertainment,"""Solo camping|camping|bushcraft|survival|Alaska|cold weather camping|cold weather survival|cold weather bushcraft|Camping Alaska|Alaska adventure|pack rafting|Floating river|winter camping|solo bushcraft|solo survival""",26.22,none,3737463,165159,0,10600000,0.044190136,1941097040,US,11/2/2024,11:00:42
What if everyone pointed a laser at the moon?,xkcd's What If?,Science & Technology,"""[none]""",5.62,none,912192,62437,2465,746000,0.071149495,37039533,US,11/5/2024,17:51:51
I Tested Restaurants with No Reviews,Ryan Trahan,Entertainment,"""Ryan|Trahan""",22.83,none,6241116,245127,11944,17600000,0.041189909,3921528270,US,11/2/2024,15:01:03
Why Are Cooling Towers Shaped Like That?,Practical Engineering,Education,"""[none]""",19.8,none,698805,34422,1664,3990000,0.051639585,407591760,US,11/5/2024,14:00:59
Making pop rocks from scratch (is complicated),NileBlue,Science & Technology,"""nileblue|nile|blue|red|science|chemistry|pop|rock|rocks|sweet|pop rocks|candy|sugar""",29.7,none,2342949,156759,8472,2470000,0.070522662,259931750,CA,11/2/2024,22:35:02
"HIGHLIGHTS | All Blacks v England | London, 2024",All Blacks,Sports,"""All Blacks|New Zealand Rugby|Rugby|Rugby Union""",3.92,none,213399,2546,546,964000,0.01448929,406932880,NZ,11/2/2024,19:29:11
"Ninja Warrior: Youtubers Edition (ft KSI, Niko & more)",Deji,Entertainment,"""ksi|clips|ksiclips|ksi clips|shorts|youtube shorts|ksishorts|ksi shorts|jj olatunji|sidemen|ksi shorts channel|ksi clips channels|minimintershorts|miniminter shorts|miniminter shorts channel|w2sclips|w2s clips channel|w2s shorts channel|sidemen sunday|#sidemensunday|ishowspeed|live speedy|speedy boykins|total wipeout|wipeout|challenge|w2s|fall guys|fall guys irl|chin|playing|ninja|gaiden|face|funny|faces|warriors|ninja warrior|Deji""",44.77,none,1899274,83605,1890,12300000,0.045014569,4209422103,GB,11/2/2024,17:00:25
HIGHLIGHTS | ENGLAND V NEW ZEALAND | AUTUMN NATIONS SERIES 2024,Autumn Nations Series,Sports,"""[none]""",7.68,none,654925,5910,1694,85700,0.01161049,46700530,US,11/2/2024,17:39:56
We Won Every Game at the State Fair!,Dude Perfect,Sports,"""dude perfect|dude perfect stereotypes|dude perfect water bottle flip|bottle flip|water bottle flip|dude perfect bottle flip|dude perfect basketball|dp|dude perfect world record|edition|nerf|trick shots|trick shot|family|ping pong|bowling|clean|family friendly|bubble wrap|soccer|football|spinner|spinners|fidget spinners|dude|mini games|state fair|carnival|stuffed animals|fair food|big tex|texas|prizes|battles""",14.72,none,2885913,79892,1852,60500000,0.028325178,17859924740,US,11/2/2024,14:00:00
Wild Life: Episode 3 - THE SNAIL.,Grian,Gaming,"""grian|life series|episode 1|wild life|3rd life|grian life series""",45.15,none,1086593,73325,4680,8630000,0.071788609,2531090252,GB,11/2/2024,15:00:08
BABYMONSTER - 'DRIP' M/V,BABYMONSTER,People & Blogs,"""BABYMONSTER|Î≤†Ïù¥ÎπÑÎ™¨Ïä§ÌÑ∞|Î≤†Î™¨|BABYMON|BAEMON|ÌïòÎûå|ÏïÑÌòÑ|Î£®Ïπ¥|ÏπòÌÇ§ÌÉÄ|ÌååÎ¶¨ÌÉÄ|Î°úÎùº|ÏïÑÏÇ¨|HARAM|AHYEON|RUKA|CHIQUITA|PHARITA|RORA|ASA""",3.12,none,50509236,1457966,77098,7320000,0.030391749,2916580217,KR,11/1/2024,4:00:06
HIGHLIGHTS: Manchester United v Chelsea | Premier League,Optus Sport,Sports,"""how to watch|optus sport|australia|highlights|premier|league|goal|premier league highlights|goals|soccer|football|premier league|epl|premier league fixtures|uefa|fifa|fa|pl|epl highlights|laliga|la liga|spanish league|crystal palace|manchester united|erik|ten|hag|aston villa|liverpool|tottenham|manchester|city|brighton|chelsea|newcastle|fulham|man utd|man u|old trafford|zirkzee""",3.5,none,229701,2087,162,829000,0.009790989,278937443,AU,11/3/2024,21:00:09
Chappell Roan - Pink Pony Club (Live On Saturday Night Live / 2024),ChappellRoanVEVO,Music,"""Chappell Roan|Pink Pony Club|SNL|Midwest Princess""",4.83,none,787129,60419,1974,5760,0.07926655,117599329,US,11/3/2024,7:11:04
Coldest SIDEMEN Moments,SidemenReacts,Entertainment,"""Sidemen|Sidemen Reacts|SidemenReacts|ksi|jj olatunji|miniminter|w2s|tobi|vikkstar123|ethan|zerkaa|reacts""",9.37,none,566817,33151,380,5710000,0.059156659,3133989106,GB,11/5/2024,17:12:36
Squid Game: Season 2 | Official Teaser | Netflix,Netflix,Entertainment,"""2024|456|Childhood Games|Choi Seung-hyun|Coming Soon|Dec 26|Fandom|Gi-hun|Global Phenomenon|Jo Yu-ri|KContent|Kang Ae-sim|Kang Ha-neul|Lee Byung-hun|Lee Jung-jae|Netflix|News|Official Teaser|Park Sung-hoon|Pink Guards|Player 456 Front Man|Red Light Green Light|Season 2|Series|Squid Game|Squid Game 2|Squid Game Doll|Teaser|Teaser Trailer|Wi Ha-jun|Yang Dong-geun|Yim Si-wan|Young-hee""",1.88,none,15274228,448453,17326,29200000,0.030494438,8971613599,US,10/31/2024,19:00:05
"Cosy Day With Mark, Horror Mazes & Halloween Night | ad",Zoe Sugg,People & Blogs,"""Zoe Sugg|vlog|Zoella|makeup|grwm|get ready with me|cosmetics|Nala|pug|weekly vlog|daily|vlogging|motherhood|baby|one year old|brighton|haul|lifestyle|life|Alfie deyes|deyes|ottilie|ottie|vlogmas|two year old|toddler|daughter|garden|chatty|baking|family|halloween|tulleys|horror maze|trick or treat|decoration|decorate|movie night""",40.8,none,361108,14916,283,4960000,0.042089901,1075357064,GB,11/3/2024,19:27:25
ARCANE SEASON 2 COLLECTOR‚ÄôS SET // Skin Reveal Trailer - VALORANT,VALORANT,Gaming,"""[none]""",1.3,none,863933,40132,1973,2580000,0.048736418,563411986,US,11/4/2024,16:36:23
Olivia Rodrigo Explores #ASMR | W Magazine,W Magazine,Entertainment,"""w magazine|wmag""",16.63,none,540308,40278,2005,1000000,0.078257216,544673188,US,11/4/2024,13:00:52
Apex Legends: From the Rift Gameplay Trailer,Apex Legends,Gaming,"""apex legends|apex legends season 23|apex legends trailer|apex legends From the Rift trailer|apex legends from the rift|new season|new LTM|apex legends Lifeline|Wattson|Horizon|Doc|Prestige Skin|update|collection event|apex legends skins|battle royale|apex legends ps5|apex legends ps4|apex legends xbox|apex legends switch|apex legends pc|respawn entertainment|electronic arts|titanfall 2""",2.48,none,446479,20109,2439,2820000,0.050501815,612210822,US,11/5/2024,16:00:11
I Only Ate 'Healthy' Fast Food For 50 Hours,Will Tennyson,People & Blogs,"""fast food|i only ate|50 hours|i only ate healthy fast food for 50 hours|healthy fast food|mcdonalds|taco bell|burger king|wendys|chik fil a|starbucks|taste test|food challenge|diet|bodybuilding|fitness""",26.12,none,769407,29563,1802,3070000,0.040765161,774166274,CA,11/3/2024,15:00:23
"1 Footballer from Every Position Competes for ¬£10,000",ChrisMD,Entertainment,"""[none]""",54.67,none,2738952,112531,2645,6120000,0.04205112,1604980205,GB,10/31/2024,17:10:43
spooky stories,SocksStudios,Comedy,"""scary stories|scary stories animated|horror stories animated|animated horror stories|horror stories|scary story|animated stories|true scary stories|horror animation compilation|creepy stories|animation|stories|disturbing horror stories|horror animation|halloween horror stories|scary animations|terrifying horror stories|halloween|true horror stories|scary animated story|mjv animations|horror story|halloween scary stories|horror story animated|creepy|scary""",43.95,none,1021752,28551,3496,1770000,0.031364754,309777839,US,11/3/2024,18:00:08
Girlfriend VS Sister! Who Knows Me Better?!,Bryton Myler,Entertainment,"""[none]""",17.77,none,636399,13580,2239,3510000,0.024857047,971727550,US,11/3/2024,14:00:18
Club Penguin: Gone But Not Forgotten,Burback,People & Blogs,"""[none]""",36.85,none,812199,43252,2228,478000,0.055996129,20258819,US,11/2/2024,17:27:31
HIGHLIGHTS | All Blacks XV v Munster | 2024 (Limerick),All Blacks,Sports,"""All Blacks|New Zealand Rugby|Rugby|Rugby Union""",12.02,none,421559,4009,765,964000,0.011324631,406932880,NZ,11/2/2024,21:40:28
England v Toa Samoa | 2nd International Test | Match Highlights,NRL - National Rugby League,Sports,"""Fox Sports|Games|Highlights|Matches|NRL|NRL 2023|NRL 23 highlights|NRL Full Match Replay|NRL Game Highlights|NRL Live|NRL Match Highlights|NRL Womens|NRL highlights|NRL pre-season|NRL trials|NRL23|NRLW|National Rugby League|Nine|Rugby|Rugby League|Rugby League Highlights|State of Origin|Telstra Premiership|Watch NRL|nrl 2023 highlights|nrl draw|nrl schedule|nrl trials|nrl women's highlights|rugby league highlights""",5.28,none,255721,2164,543,453000,0.010585756,359864166,AU,11/2/2024,16:41:18
SCARIEST Night of Our Lives!!üò±,Nidal Wonder,Entertainment,"""nalish|nailish|salish and nidal|are salish and nidal best friends|dating|broke up|addi|did nidal and addi break up|knotts|knotts berry farm|best friends""",8.17,none,1715990,41186,2785,3240000,0.025624275,527567738,US,11/2/2024,14:30:06
I Got a Pet Alien (kinda),TerraGreen,Pets & Animals,"""terragreen|terra|green|terra green|pet|pet dinosaur|pet alien|I got a pet alien|terragreen pet|aquarium|terrarium|dr plants|weirdest pet""",11.33,none,1296233,21538,2176,685000,0.01829455,57223803,US,11/2/2024,12:00:27
Exploring the Town That Made Internet & Phone Service Illegal (100% Disconnected),Yes Theory,Entertainment,"""yestheory|seek discomfort|yes theory strangers|yes theory travel|yes theory subscribers|getting out of your comfort zone|Amazon FBA""",30.9,none,826212,35927,2480,9210000,0.046485648,1142980345,US,11/3/2024,17:00:26
T1 vs BLG - Game 5 | Grand Final LoL Worlds 2024 | T1 vs Bilibili Gaming G5 full,EpicSkillshot - LoL VOD Library,Gaming,"""playoffs|finals|final|london|LoL|LCS|EU|NA|2024|paris|paris 2024|Worlds|World Championship|S14 Worlds|#worlds|esports|#esports|Season 14|S14|2024 Worlds|lol worlds 2024|lol worlds|lol esports vods|e-sports|lol esports|lolesports|league of legends|epicskillshot|game|play|match|pro|full game|HD|1080p|VOD|VODS|lol vods|worlds vods|T1 vs BLG|BLG vs T1|t1 blg|blg t1|Bilibili Gaming|BLG|Bin|Wei|Knight|Elk|ON|SK Telecom T1|T1|Faker|Oner|Khan|Gumayusi|Keria|Zeus""",42.28,none,667840,9540,1278,598000,0.016198491,622604407,US,11/2/2024,18:35:31
G-DRAGON - POWER (Official Video),OfficialGDRAGON,People & Blogs,"""[none]""",2.78,none,18596205,961752,81901,2920000,0.056121827,370700207,KR,10/31/2024,9:00:07
Minecraft Mob Battles: THE MOVIE,Joll and Conk,People & Blogs,"""[none]""",50.87,none,925856,25783,5274,462000,0.033544093,43567732,US,11/2/2024,17:36:20
PIEFACE outruns attack dog AND overnight intrusion?! Locked In S5 EP6 |  @Footasylumofficial,Footasylum,Entertainment,"""Footasylum|Yung Filly|Darkest Man|GK Barry|Nella Rose|Harry Pinero|Chunkz|Johnny Carey|Sharky|AJ Shabeel|Niko Omilana|King Kenny|Beta Squad|Sidemen|KSI|Locked In|Does The Shoe Fit|Chef Asylum|Stephen Tries|Bambino Becky|Max Khadar|Good Evening Britain|Liar Liar|Bad Bistro|Adeola Patronne|Chunkz & Filly|Philly|Young Filly|Chunks|BETA squad|Behzinga|Miniminter|Zerkaa|Tobjizzle|The Burnt Chip|tennessee|Chloe Burrows|Pieface|Tays|Heather Bowling""",46.12,none,826891,21735,1376,2860000,0.02794927,846964070,GB,11/5/2024,19:00:33
The Snail .....üêå | Ep. 3 | Wild Life,LDShadowLady,Gaming,"""ldshadowlady|minecraft|mini game|girl gamer|pink hair|funny|walkthrough""",23.37,none,637375,43285,2671,7240000,0.072101981,3489512947,GB,11/2/2024,15:15:01
Adopting a Chihuahua,Jonny Devaney,Entertainment,"""[none]""",1.35,none,958199,76017,807,2540000,0.080175412,1217030127,US,11/1/2024,13:49:40
Going BABY SHOPPiNG for the FiRST TiME! *we went a little CRAZY*,JustParkers ,Entertainment,"""kass and josh|justkass|nen|couples channels|notenoughnelsonss|justkass baby|justkass pregnant|sephora haul|sephora vlog|justparkers|just parkers|just kass|nen fam|hopescope|jordan matter|baby shopping|baby products|going baby shopping for the first time|we went a little crazy|first time baby shopping|pregnancy|pregnancy vlog|pregnant vlog|justkass nursery|justkass baby name""",23.6,none,585900,13959,1984,440000,0.027211128,10867181,US,11/3/2024,14:02:00
Manchester United v Leicester City | Carabao Cup 24/25 | Match Highlights,beIN SPORTS Australia,Sports,"""Bruno Fernandes|Carabao|Carabao Cup|Casemiro|EFL|EFL Cup|English League Cup|FTBL|Football|Futbol|Highlights|LCFC|League Cup|Leicester|Leicester City|Man United|Man Utd|Manchester|Manchester United|Match Highlights|Soccer|Sport|Sports|United|Ruud|Ruud van Nistelrooy|Van Nistelrooy""",4.53,none,256070,2015,207,194000,0.008677315,106088873,AU,10/30/2024,22:15:16
I Busted EVERY Fortnite CHAPTER 2 Myth!,McCreamy,Gaming,"""fortnite|fortnite battle royale|fortnite gameplay|challenge|mccreamy|new|update|memes|funny moments|glitches|funny|gaming|epic games|fortnite glitches|fortnite glitch|free vbucks|fortnite vbucks|fortnite moments|new fortnite season|new fortnite|fortnite update|new fortnite update|fortnite new update|mcreamy|fortnite battlepass|fortnite challenge|fortnite mythic|fortnite chapter 2 remix|chapter 2|fortnite chapter 6|chapter 2 remix|fortnite myth""",16.38,none,599823,12577,554,10800000,0.021891458,2626707190,NZ,11/3/2024,17:40:53
Can I Make Titanium Damascus? Part 3,Alec Steele,Entertainment,"""alec steele|alex steele|steel|alec|damascus|blacksmith|make|forge|anvil|mill|lathe|weld|tig|mig|engineering|blacksmithing|blade|bladesmithing|knife|knifemaking|sword|handmade|diy|craft|woodworking|forged in fire|axe|fabrication|art|making|how to|maker|lord of the rings|game of thrones|restoring|restoration|forging|dagger|replica|prop|grinding|bevel|bevels""",21.47,none,690197,42593,1898,2550000,0.064461306,511164689,GB,11/3/2024,19:53:21
I Met NewJeans!,JasonTheWeen IRL,Entertainment,"""jasontheweenie|jasontheween|stable ronaldo|plaqueboymax|faze|faze clan|amp|kai cenat|jasontheween vlog|newjeans|new jeans|new jeans jasontheween|newjeans jasontheween|jasontheween newjeans|jasontheween new jeans|jasontheween eta|eta|newjeans eta|new jeans eta|jason newjeans|meeting newjeans|i met newjeans|i met new jeans|new jeans bubble gum|new jeans how sweet|newjeans supernatural|super shy|eta jasontheween|newjeans vlog|hanni|hanni vlog|ditto""",34.1,none,370920,25350,1596,53600,0.072646393,1552235,US,11/3/2024,20:16:47
Tottenham Hotspur v Manchester City | Carabao Cup 24/25 | Match Highlights,beIN SPORTS Australia,Sports,"""Ange Postecoglou|Ange Pstecoglou|Carabao|Carabao Cup|City|EFL|EFL Cup|English League Cup|FTBL|Football|Futbol|Guardiola|Highlights|Hotspur|League Cup|Man City|Manchester|Manchester City|Match Highlights|Pep|Pep Guardiola|Postecoglou|Soccer|Sport|Sports|Spurs|Tottenham|Tottenham Hotspur""",5.05,none,282836,2145,245,194000,0.008450127,106088873,AU,10/30/2024,22:59:39
What Liquid Is Required for Life?,BradyYourTutor,Entertainment,"""[none]""",1.88,none,2559988,181244,1107,1680000,0.071231193,2484587730,US,11/3/2024,2:00:01
The BIGGEST argument in Locked In history?! Locked In S5 EP4 |  @Footasylumofficial,Footasylum,Entertainment,"""Footasylum|Yung Filly|Darkest Man|GK Barry|Nella Rose|Harry Pinero|Chunkz|Johnny Carey|Sharky|AJ Shabeel|Niko Omilana|King Kenny|Beta Squad|Sidemen|KSI|Locked In|Does The Shoe Fit|Chef Asylum|Stephen Tries|Bambino Becky|Max Khadar|Good Evening Britain|Liar Liar|Bad Bistro|Adeola Patronne|Chunkz & Filly|Philly|Young Filly|Chunks|BETA squad|Behzinga|Miniminter|Zerkaa|Tobjizzle|The Burnt Chip|tennessee|Chloe Burrows|Pieface|Tays|Heather Bowling""",57.52,none,1229688,26967,2094,2860000,0.023632824,846964070,GB,11/3/2024,19:00:10
Digging Up a Mystery Egg That I Buried in My Giant Rainforest Vivarium,AntsCanada,Pets & Animals,"""ants|pets|terrarium|ant farm|antfarm|antscanada|animals|insects|exotic pets|myrmecology|science|education|ecosystem""",27.05,none,479276,25139,2147,6190000,0.056931705,750987383,CA,11/3/2024,12:01:07
This Is What Happens When a Psychopath Chooses Chaos - Once Human,Let's Game It Out,Gaming,"""let's game it out|lets game it out|let game it out|let'sgameitout|letsgameitout|letgameitout|game it out|gameitout|lgio|josh let's game it out|let's game it out josh|lgio josh|josh lgio|let's game it out simulator|josh simulator|funny moments|once human|once human game|once human gameplay|once human the way of winter|the way of winter|once human update|once human game guide|let's game it out once human|this is what happens|psychopath chooses chaos""",28.02,none,1522580,66821,2226,5790000,0.045348684,1454805202,US,11/1/2024,19:00:03
How Destructive Is Our Harpoon Cannon?,How Ridiculous,Sports,"""how ridiculous|rexy|44club""",22.5,none,781041,34669,1383,23000000,0.046158908,13764386151,AU,11/1/2024,22:00:11
Microsoft Sucks at Everything,NakeyJakey,Comedy,"""[none]""",27.1,none,1555099,111660,8318,2060000,0.077151358,217759464,US,10/31/2024,22:22:23
The Dodgers Are About To Take Over Baseball,Baseball Doesn't Exist,Sports,"""[none]""",22.18,none,446455,15652,2185,914000,0.039952515,577565033,US,11/4/2024,23:08:47
My Roblox account was hacked.,Flamingo,Gaming,"""Family|friendly""",10.85,none,1233254,76336,9446,13000000,0.069557447,11351946369,US,11/4/2024,3:19:25
Hairdresser Reacts To Bleach Fails That Will Have You SOBBING,Brad Mondo,Entertainment,"""bradmondo|bradmondonyc|hairdresserreacts|hair fails bleach|how to bleach hair at home|bleach fail|hair fails|bleaching hair at home|at home|diy hair|how to|bleaching hair|gone wrong|box dye|broken hair|hairdresser|funny|edvasian|fail|highlights|funny fails|hair transformation|fall off|30 vol|bleaching hair fail|bleaching my hair|hair fail|video react|hair dye fail|how to color hair at home|Hairdresser Reacts To Bleach Fails That Will Have You SOBBING""",24.07,none,338560,22604,1053,8320000,0.069875354,1900764862,US,11/3/2024,19:15:07
Winter Shredathon Day 27 - Hamstrings With Short Hair,Sam Sulek,People & Blogs,"""[none]""",38.68,none,879442,36848,2569,3780000,0.044820466,226060243,US,11/3/2024,18:00:10
I Busted 27 Myths in Chapter 2 Remix!,Milo,Gaming,"""fortnite|fortnite myths|busting myths in fortnite|I Busted 30 TikTok Myths in Fortnite|milo|soar milo|I Busted 42 Myths in Fortnite|busting tiktok myths|i busted tiktok myths in fortnite|fortnite battle royale|busting fortnite myths|busting myths|busting every fortnite myth|new fortnite|xp map fortnite|xp glitch fortnite|chapter 2 remix|chapter 2 fortnite|remix update fortnite""",8.28,none,297878,5236,463,1460000,0.019131994,362394473,US,11/2/2024,21:23:21
BABYMONSTER - ‚ÄòCLIK CLAK‚Äô PERFORMANCE VIDEO,BABYMONSTER,People & Blogs,"""BABYMONSTER|Î≤†Ïù¥ÎπÑÎ™¨Ïä§ÌÑ∞|Î≤†Î™¨|BABYMON|BAEMON|ÌïòÎûå|ÏïÑÌòÑ|Î£®Ïπ¥|ÏπòÌÇ§ÌÉÄ|ÌååÎ¶¨ÌÉÄ|Î°úÎùº|ÏïÑÏÇ¨|HARAM|AHYEON|RUKA|CHIQUITA|PHARITA|RORA|ASA""",2.98,none,15169111,540078,18057,7320000,0.03679418,2916580217,KR,11/3/2024,4:00:07
Why Musical IQ Soars After 30,Rick Beato,Music,"""rick beato|everything music|rick|beato|music|music theory|music production|education|Brain|Your Brain on music|Aging|Improvisation|John Williams|Bach|Mozart|Beethoven|Miles Davis|John Coltrane|Pat Metheny|The Beatles""",9.63,none,1459074,56072,13417,4580000,0.047625412,1043478479,US,11/2/2024,19:23:09
Lady Gaga - Disease (Official Music Video),LadyGagaVEVO,Music,"""Lady Gaga|Interscope Records|Pop""",4.37,none,9151326,509068,48308,8890000,0.060906583,15218947423,US,10/30/2024,1:00:34
BEYWATCH,Beyonc√©,Music,"""[none]""",2.48,none,645634,60683,5513,27500000,0.102528677,19530867950,US,11/5/2024,7:22:00
Livingstone and Hope Hit Tons | Highlights | West Indies v England | 2nd CG United ODI,Windies Cricket,Sports,"""cricket|cricket west indies|west indies|windies|west indies cricket team|cricket highlights|cricket highlights match today|west indies india Cricket|west indies india test|virat kohli|rohit sharma|jason holder|bcci cricket|india cricket highlights|liam livingstone|jacob bethell|Shai Hope|Brendon McCullum|Sam Curran|Phil Salt|Keacy Carty|Sherfane Rutherford|Jofra Archer|John Turner|West Indies v England|england|2nd CG united ODI|ODI cricket""",16.02,none,1401293,16983,350,4000000,0.01236929,1292293956,AG,11/2/2024,22:37:20
I Tested Lego Cars!,Unspeakable Studios,People & Blogs,"""unspeakable|vlog|vlogs|unspeakablegaming|prank|comedy|challenge|laugh|funny|moments|craziest|pranks|crazy|no cursing|no swearing|how to|parody|troll|video|react|family friendly|funniest|adventure|trolling|unspeakable vlogs|real life|life|unspeakable real life|unspeakableplays|behind the scenes|bts|unspeakable behind the scenes|unspeakable bts""",14.0,none,727670,10053,541,3090000,0.014558797,649131178,US,11/3/2024,16:00:25
Tampa Bay Buccaneers vs. Kansas City Chiefs Game Highlights | NFL 2024 Season Week 9,NFL,Sports,"""[none]""",12.68,none,1915815,25715,3623,13400000,0.015313587,10938454264,US,11/5/2024,4:43:00
"irl HAUNTED HOUSE ft. MrBeast, xQc, Logan Paul, Fanum & Lexi RiveraüéÉüëªüíÄ",IShowSpeed,Gaming,"""ishowspeed""",122.35,none,4821933,191731,7394,32900000,0.04129568,3236113659,US,10/31/2024,1:55:47
I Got Every Fortnite Achievement,LazarBeam,Gaming,"""[none]""",31.88,none,3795415,133104,4351,22500000,0.036216066,9587514319,AU,10/29/2024,2:32:39
The Weeknd - S√£o Paulo feat. Anitta (Official Music Video),TheWeekndVEVO,Music,"""The Weeknd|Anitta|XO Republic Records""",3.5,none,9196980,408852,70253,10400000,0.052093731,20247594452,CA,10/31/2024,0:00:07
FIRST DRIVE! TWIN TURBO V12 FERRARI SHAKEDOWN‚Ä¶,DailyDrivenExotics,Autos & Vehicles,"""[none]""",37.35,none,565435,52215,3626,4010000,0.098757594,1590039822,CA,11/4/2024,14:00:07
BABYMONSTER - 'CLIK CLAK' M/V,BABYMONSTER,People & Blogs,"""BABYMONSTER|Î≤†Ïù¥ÎπÑÎ™¨Ïä§ÌÑ∞|Î≤†Î™¨|BABYMON|BAEMON|ÌïòÎûå|ÏïÑÌòÑ|Î£®Ïπ¥|ÏπòÌÇ§ÌÉÄ|ÌååÎ¶¨ÌÉÄ|Î°úÎùº|ÏïÑÏÇ¨|HARAM|AHYEON|RUKA|CHIQUITA|PHARITA|RORA|ASA""",2.92,none,45577225,1182898,57533,7320000,0.027216027,2916580217,KR,10/30/2024,4:00:02
MARIAH CAREY - IT'S TIME!!!! (2024),Mariah Carey,Music,"""[none]""",0.92,none,2008768,150828,8230,11200000,0.079181867,9188318968,US,11/1/2024,4:00:28
"Lady Gaga, Bruno Mars - Die With A Smile (Live in Las Vegas)",Bruno Mars,Music,"""bruno mars|bruno|atlantic records|official video|pop music|R&B|funk|soul|bruno mars lady gaga|bruno mars lady gaga die with a smile|die with a smile|lady gaga bruno mars live|die with a smile live|lady gaga die with a smile|bruno mars die with a smile""",4.7,none,10652596,349028,11661,39100000,0.033859258,21888905651,US,10/30/2024,1:00:22
Skeleton Crew | Official Trailer | Disney+,Star Wars,Entertainment,"""star wars|skeleton crew|neel|disney+|star wars show|star wars kids|star wars kids show|pirates""",2.0,none,3409821,32695,5406,4110000,0.0111739,1552452519,US,11/1/2024,14:00:32
"We Bought The RAREST Motorhome (driving it 2,000 miles home)",Ambition Strikes,Autos & Vehicles,"""Revcon|rev con|motorhome|rare|barn find|f350|powerstroke|diesel|7.3|trailblazer|Revlon trailblazer|rare car|van life|rv|vanlife|will it run|drive home|road trip""",44.52,none,460955,34325,1989,627000,0.078779924,114296887,US,11/3/2024,15:00:17
OPENING MY SIDEMEN SUNDAY PRESENT!,Miniminter,Entertainment,"""simon|sidemen|miniminter|mm7games|random|vlog""",19.93,none,1589826,57073,640,10400000,0.036301457,4112040757,GB,10/30/2024,19:05:59
Qualifying Highlights | 2024 Sao Paulo Grand Prix,FORMULA 1,Sports,"""F1|Formula One|Formula 1|Sports|Sport|Action|GP|Grand Prix|Auto Racing|Motor Racing""",8.02,none,3090756,67520,3958,11200000,0.023126381,7315622433,US,11/3/2024,12:49:51
Sushant KC - Bardali ft. Indrakala Rai (Official Music Video),Sushant KC,Music,"""sushantkc|sushantkcnewsong|sarangi|udiudi|gajalu|hawale|baimani|risaunebhaye|merodinbarbaadbho|sanosanokurama|yaad|kheladi|fakaunama|bhaagera|timromaya|mausam|sathi|rangin|phonekonumber|gulabi|behos|satayera|muskurayera|timile|mayama|herdaherdai|aama|kahajau|sushantkclyrical|atteri|sarangilyrics|sushantkccover|sushantkcsongscollection|jhyalbata|sushantkcguitarchords|parkhana|sushantkchindi|kyakardiya|sushanthindisong|sushanthindilyrics|planb|bardali|galligalli|bardalicover|bardaliguitarchords""",3.55,none,6895442,222258,7246,1870000,0.033283436,502908021,NP,10/27/2024,12:15:07
"RDCTV | D-Wade Statue, Hood Haunted House, Pilots Downplay Everything, and Album Sales",RDCworld1,Film & Animation,"""[none]""",10.45,none,331389,40381,1474,7040000,0.126301718,1654478314,US,11/4/2024,0:22:45
Fortnite: Chapter 2 Remix Battle Pass (Full Showcase),ShuffleGamer,Gaming,"""Fortnite|Fortnite Battle Royale|Battle Royale|Games|Gaming|Gameplay|Fortnite Chapter 2 Remix|Chapter 2 Remix|Fortnite Chapter 5|Chapter 5|New Fortnite|Fortnite New|Fortnite New Update|Fortnite Update|Fortnite New Season|Fortnite Battle Pass|New Fortnite Battle Pass|Fortnite Chapter 2 Remix Battle Pass|Chapter 2 Remix Battle Pass|Chapter 2 Remix Trailer|New|Season|Battle Pass|New Battle Pass|Fortnite OG Chapter 2 Battle Pass|Fortnite Chapter 5 Season 5""",4.67,none,613599,7331,1815,6030000,0.0149055,1090658912,US,11/2/2024,7:06:08
"Yankees have the worst inning in World Series history, a breakdown",Jomboy Media,Entertainment,"""a breakdown|mlb|jomboy videos|jomboy|jake sucks|talkin yanks|jomboy podcast|tv podcast|just talkin podcast|mlb breakdowns|Talkin yanks|jomboy jake radio""",12.98,none,1531506,52799,5070,2010000,0.037785683,1455242231,US,11/2/2024,0:49:08
Laufey - Santa Baby (Official Music Video),Laufey,Music,"""laufey|laufey lin|chill|lyric video|everything i know about love|laufey video|jazz|jazzy|everything i know|layvay|lay vay|slow|Lauvey|Laufey|from the start|fts|visualizer|official visualizer|new music|tiktok|laufey tiktok|classical|ballerina|music school|new song|lyrics|lyric|bewitched|music video|new album|live|acoustic|christmas|holiday|a very laufey holiday|winter wonderland|winter""",4.05,none,2133595,106456,3743,1880000,0.051649446,449183878,US,11/1/2024,14:00:06
Strapping a Tiny Camera on a Bass! (Underwater Footage),BamaBass,People & Blogs,"""[none]""",31.15,none,263263,14859,816,1050000,0.059541219,194418426,US,11/4/2024,1:01:12
things that make me irrationally angry,Ice Cream Sandwich,Comedy,"""[none]""",9.22,none,1485281,144581,7193,3260000,0.102185378,297516021,US,11/1/2024,0:03:00
Tottenham Hotspur 2-1 Man City | Carabao Cup Highlights | Werner and Sarr send Spurs into quarters,Tottenham Hotspur,Sports,"""Spurs|Tottenham Hotspur|ÌÜ†Ìä∏ÎÑò|ÏÜêÌù•ÎØº""",8.17,none,3669382,50691,1848,3720000,0.014318215,1405100189,GB,10/31/2024,0:00:13
Pathetic Performance! (Lee Judges) | Newcastle 1-0 Arsenal,AFTV,Sports,"""afc|aftv|arsenal|arsenal fan tv|fan cams|arsenal tv|arsenal fan cams|gooners|premier league|robbie lyle|troopz|aftvmedia|martinelli|arteta|mikel arteta|aftv news|transfer daily|gabriel|aftv troopz|arsenal stream|arsenal watch along|bukayo saka|emile smith rowe|emirates stadium|football|soccer|sport|transfers|gabriel jesus|gunners|arsenal fc|transfer window|Title Race|Newcastle 1-0 arsenal|arteta newcastle""",10.75,none,263598,4373,2055,1680000,0.024385617,1587548518,GB,11/2/2024,15:20:06
RUUD'S FIRST GAME! | Manchester United v Leicester City extended highlights,EFL,Sports,"""EFL|Goal|Save|Championship|League One|League Two|Sky Bet|Football|Soccer|Premier League|Yesterday|yesterdays|goals|Carabao Cup|League""",11.07,none,2739566,51252,2023,535000,0.019446511,139581801,GB,10/31/2024,0:21:01
Cabela's Dangerous Hunts 2011: A Cursed Hunting Game,MandaloreGaming,Gaming,"""cabela's dangerous hunts|cabela's dangerous hunts 2011|cabela's dangerous hunts 2011 review|cabela's|cabela's dangerous hunts review|cabela's 2011|cabela's game|cabela's 2011 review|dangerous hunts|dangerous hunts review|dangerous hunts 2011|dangerous hunts 2011 review|dangerous hunts game|cabela's dangerous hunts 2011 gameplay|dangerous hunts gameplay|mandaloregaming|mandalore gaming|mandalore|hunting pc game|dangerous hunts 2|dangerous hunts 2 review|cabela""",45.75,none,795246,41310,4286,904000,0.057335718,234350804,US,10/31/2024,18:45:00
No. 4 Ohio State Buckeyes vs. No. 3 Penn State Nittany Lions Highlights | FOX College Football,CFB ON FOX,Sports,"""cfb on fox|cfb|college football|fox college football|fs1|fox sports|Colorado Buffaloes|Deion Sanders""",14.93,none,704706,6392,1319,236000,0.010942152,136268279,US,11/2/2024,19:39:09
"Reload Desert Drop: New Map, Solos, and More",Fortnite,Gaming,"""yt:cc=on""",0.5,none,3357120,43771,2655,12700000,0.013829115,2868172453,US,11/1/2024,22:43:59
"World Cup Finals Import vs Domestic, Day 1 Qualifying! The EAGLE Has Landed!",That Track Channel,Autos & Vehicles,"""world cup finals|world cup finals 2024|world cup finals maryland|the best race ever|wcf 2024|maryland international raceway|mir 2024|maryland international raceway 2024|world cup finals day 0|world cup finals day 1|world cup finals testing|world cup finals qualifying|world cup finals live stream|world cup finals live|world cup drag racing|world cup finals import vs domestic|world cup drag racing 2024 live|world cup drag racing 2024|world cup qualifying""",26.35,none,407982,14460,947,33500,0.037763921,8031407,US,11/1/2024,6:53:42
F1 Sprint Highlights | 2024 Sao Paulo Grand Prix,FORMULA 1,Sports,"""F1|Formula One|Formula 1|Sports|Sport|Action|GP|Grand Prix|Auto Racing|Motor Racing""",6.0,none,3988276,68321,3229,11200000,0.017940082,7315622433,US,11/2/2024,15:14:12
"Tyler, The Creator - Chromakopia ALBUM REVIEW",theneedledrop,Music,"""album|review|music|reviews|indie|new|lyrics|listen|track|concert|live|update|the needle drop|anthony fantano|vlog|talk|discussion|music nerd|song|tyler the creator|rap|hip hop|noid|st chroma|reaction""",18.68,none,1290941,56055,4828,2940000,0.047161722,1072151738,US,10/31/2024,4:18:05
How Big Can Godzilla Get?,EYstreem,Gaming,"""Eystreem|eyestream|eystream|minecraft|roleplay|funny|troll|prank|secret|hidden|tutorial|minecraft phone|minecraft bedrock edition|How big can godzilla get|Minecraft but I become godzilla|fighting godzilla in minecraft|pranking my friend in minecraft|pranking my friend with godzilla in minecraft|minecraft ultimate boss|modded minecraft|I fooled my friends with godzilla in minecraft""",23.4,none,2209436,34751,2127,11100000,0.016691137,4127966322,AU,11/1/2024,1:00:16
The Nightmare in the Tunnels (#20),Settled,Gaming,"""Mory|Morytania|Area|Maxing|Max|OSRS|UIM|End|Game|Ultimate|Ironman|Old|School|Runescape|RS3|Settled|Settledrs|Progress|Video|Tricks|Tips|Bossing|Skilling|2007|2007Scape|Dream|Gear|Items|Boss|Episode|Settled UIM|UIM Settled|OSRS Settled|Morytania UIM|Morytania Ironman|Mory Ironman|Maxed UIM|UIM Maxing""",16.17,none,397782,25736,1096,721000,0.067454033,127141970,US,10/31/2024,21:43:40
GLITCHX 2024,GLITCH,Film & Animation,"""glitch|glitch productions|digital circus|the amazing digital circus|murder drones|Pomni|Uzi|Jax|Ragatha|Kinger|Gangle|Zooble|Caine|Bubble|3D|Animation|3D Animation|Indie Animation|Gummigoo""",54.52,none,1731917,132161,8602,12000000,0.081275835,1323373200,AU,11/1/2024,22:00:06
Things will never be the same..,FaZe Rug,Entertainment,"""faze rug|rug|rugfaze|fazerug""",25.12,none,2945082,80288,25271,26700000,0.035842466,9203361163,US,11/3/2024,19:51:44
WIN $50 CASH IF YOU CAN FINISH THIS GIANT MEATBALL SUB IN CHICAGO! | BeardMeatsFood,BeardMeatsFood,People & Blogs,"""calorie challenge|mukbang|cheat day|cheat meal|man vs food|eating challenge|eating challenge uk|food challenge|matt stonie|beardmeatsfood|beard meats food|beard meets food|beard vs food|adam moran|british competitive eater|fitness|eating channel|eating show|10000 calorie challenge|10k|massive eating challenge|huge eating challenge|100000 calorie challenge|chicago|meatball challenge|Fontano's challenge|chicago food challenge|italian food challenge""",10.47,none,2577796,106007,4132,4520000,0.042726034,1450534685,GB,11/3/2024,19:00:33
Real Madrid v Barcelona | LaLiga 24/25 | Match Highlights,beIN SPORTS Australia,Sports,"""El Clasico|FTBL|Football|Futbol|Highlights|LaLiga|Lamine Yamal|Match Highlights|Raphina|Real Madrid v FC Barcelona|Robert Lewandowski|Soccer|Sport|Sports|Yamal|Lamine|Barca|FCB|FC Barcelona|Barcelona|Real Madrid CF|Real Madrid|RMA|Kylian|Kylian Mbappe|Mbappe|Clasico|ElClasico|Lewa|Lewandowski|Robert""",4.72,none,375278,3990,490,194000,0.011937817,106088873,AU,10/26/2024,21:12:55
Surviving A Week in OUR Demonic School PT 3 (THE POSSESSION),Sam and Colby,Entertainment,"""sam and colby|exploring|abandoned|overnight|sam&colby|sam & colby|sam golbach|colby brock|colby and sam|ghost|haunted|paranormal|3am|the conjuring|the stanley|colby & sam|top 10|top 5|top 10 scary|scary|horror movie|mystery|ghost stories|ghost adventures|caught on camera|ghost hunting""",75.48,none,6012378,305437,34863,13300000,0.056599901,1944170269,US,10/27/2024,18:11:37
EPIC: The Musical - SAGAS 1-8 The Vengeance Saga release party,Jorge Rivera-Herrans,Entertainment,"""[none]""",56.6,none,1152028,96185,5418,577000,0.088194905,231923578,PR,10/31/2024,4:00:16
How To Build A Shelf Between Two Walls,HAUS PLANS‚Ñ¢Ô∏è,Howto & Style,"""[none]""",1.38,none,6467271,172547,1806,889000,0.026959285,534845567,US,10/27/2024,3:31:13
3 years at the Off Grid cabin in the woods,Bushradical,Howto & Style,"""off grid cabin|offgrid cabin|cabin|remote cabin""",41.42,none,272685,19600,961,1090000,0.075402021,135554129,US,11/2/2024,22:56:11
First To Get A Full Shiny Legendary Team Wins,PM7,Gaming,"""pokemon|pm7|pokemon randomizer|legends za|pokemon legends za|pokemon challenge|pm7 challenge|mandjtv|mandjtv plays|pm7 mandjtv|mandjtv pm7|john michael cup|jmc|jmc season 3|legendary pokemon|legendaries|shiny legendary pokemon|pm7 legendary pokemon|pokemon but everything is legendary|shiny legendary team|first to get a full shiny legendary team wins|pm7 shiny legendary team|pokemon randomly evolve every level|shiny pokemon|pokemon race|pokemen7 plays""",22.98,none,405151,18851,831,1030000,0.048579419,254758773,US,11/1/2024,14:24:21
St. Chroma,"Tyler, The Creator - Topic",Music,"""Tyler|The Creator Daniel Caesar CHROMAKOPIA St. Chroma""",3.3,none,7544492,236705,13128,91300,0.033114622,1399735014,US,10/28/2024,10:02:12
CommBank Matildas v Germany | Highlights | International Friendly,Football Australia,Sports,"""football|australian football|soccer|australian soccer|australia""",4.83,none,154340,5326,249,209000,0.03612155,59559769,AU,10/28/2024,19:59:01
Heaven,TOMORROW X TOGETHER - Topic,Music,"""TOMORROW X TOGETHER|Ìà¨Î™®Î°úÏö∞Î∞îÏù¥Ìà¨Í≤åÎçî|The Star Chapter: SANCTUARY|Heaven""",2.58,none,628901,64339,3076,83200,0.107194932,780720459,KR,11/4/2024,9:03:24
üç™ Oreo Coke vs Electric Pepsi ‚ö°Ô∏è,Max Klymenko,Education,"""[none]""",1.48,none,395641,28044,281,2080000,0.071592681,2449907940,GB,11/4/2024,2:20:40
ChupadaGhostf**kaween Sale!,Vivziepop,Film & Animation,"""Vivziepop|Zoophobia|helluva boss|helluvaboss|helluva boss merch|chupacadupra|ghostfuckers|ghostfuckers merch|chupacabras merch|halloween""",3.05,none,573354,43108,1703,10400000,0.078155904,1485246681,US,11/3/2024,18:40:01
"Unc & Ocho RIP Ezekiel Elliott, Dak Prescott & lowly Dallas Cowboys after loss to Falcons | Nightcap",Nightcap,Sports,"""Nightcap|Shannon Sharpe|Ochocinco|Chad Johnson|Chad Ochocinco|Club Shay Shay|Nightcap Podcast|Shannon Sharpe Podcast|Ochocinco Podcast""",23.1,none,344641,7716,1316,1540000,0.026206981,450874060,US,11/4/2024,5:31:28
The Strange Physics Principle That Shapes Reality,Veritasium,Education,"""veritasium|science|physics|Veritasium|math|quantum mechanics|Johann Bernoulli|Isaac Newton|principle of least action|problem of fastest descent|Snell‚Äôs Law|Pierre Louis Maupertuis|Fermat‚Äôs principle|Leonhard Euler|Joseph-Louis Lagrange|Hamilton‚Äôs principle""",32.73,none,4370098,196878,8111,16600000,0.046907186,2891769897,US,10/29/2024,12:09:04
Sword Master: Jer√≥nimo | Hero Intro | Whiteout Survival,Whiteout Survival,Gaming,"""whiteout survival|survival|whiteout|hero|Jer√≥nimo|snow|ice""",0.57,none,746407,11340,686,28600,0.016111853,2864050,US,10/12/2024,11:30:20
Dodgers vs. Yankees World Series Game 5 Highlights (10/30/24) | MLB Highlights,MLB,Sports,"""mlb|baseball|sports|mlb highlights|sports highlights|baseball highlights""",15.35,none,4312517,58595,6637,5890000,0.015126201,5834047098,US,10/31/2024,5:24:46
Our Son's BIG Accident,The Royalty Family,People & Blogs,"""The Royalty Family|Royalty Family|Andrea Espada|Family Friendly|Royalty|Royal Family|The Royal Family|Royalty Fam|The Royalty Fam|Realty Family|Roti Family|Family Vlog|royalty family|royalty|royal|royalty fam|Ali andrea|Andrea ali|royalty gaming|royalty baby|challenge|Jordan matter|Rebecca zamolo|24 hours|we survived|survived|I was adopted|evil|evil parents|our sons big accident|big accident|our sons|accident|sons accident""",20.8,none,11054655,150515,27455,26900000,0.0160991,8972325652,US,10/27/2024,16:36:31
"I Found a WW2 German Spy Cave, Hidden in the American Desert?",Desert Drifter,People & Blogs,"""[none]""",25.2,none,411692,21141,2103,356000,0.056459683,47630071,US,11/1/2024,19:12:41
SIDEMEN AMONG US CHAOS MODE BUT THERE‚ÄôS A THIRD IMPOSTER ROLE,MoreSidemen,People & Blogs,"""sidemen|moresidemen|miniminter|ksi|zerkaa|behzinga|tbjzl|vikkstar|wroetoshaw""",53.77,none,5371817,202698,4329,8970000,0.038539474,4810309451,GB,10/26/2024,16:10:00
MacBook Pro Announcement - October 30,Apple,Science & Technology,"""Apple|Apple announcement|keynote|MacBook Pro announcement|MacBook Pro|Apple Intelligence|October 2024""",16.88,none,23126483,70656,0,19800000,0.003055199,1199309524,US,10/30/2024,15:11:07
Future - BRAZZIER (Official Music Video),FutureVEVO,Music,"""future|metro boomin|like that|type shit|travis scott|playboi carti|kendrick lamar|the weekend|we dont trust you|WDTY|young metro future|metro young thug|chainz|chief keef|yo gotti|meek mill|nav|gucci mane|french montana|quavo|21 savage|migos|mixtape pluto|brazzier""",3.33,none,535490,35929,1834,4370000,0.070520458,8710621634,US,11/5/2024,2:00:37
I Bought The First 5 Things I Saw on TikTok Live,Safiya Nygaard,People & Blogs,"""i bought the first 5 things i saw on tiktok live|tiktok live haul|live shopping|qvc|highland crystal|wigs|crystal scoop|halara|windsor|athleisure|prom dress|haul|internet haul|shopping|tiktok|tiktok live|tiktok made me buy it|the internet made me buy it|safiya nygaard|safiya and tyler|sofia|sophia|safia""",29.05,none,1837454,95386,3595,10100000,0.053868559,2027442006,US,10/29/2024,0:43:15
"""STILL UNDEFEATED...!"" ü§Ø Robert Whittaker vs Khamzat Chimaev | Full Fight Highlights | Main Event",FOX SPORTS AUSTRALIA,Sports,"""fox sports|australia|sports|nrl|afl|cricket|football|fox league|fox cricket|fox footy|sport""",2.53,none,183393,1304,525,170000,0.009973118,103363440,AU,10/26/2024,20:41:22
Can I Break A Professional Course Record In One Try?,Bryson DeChambeau,Sports,"""bryson dechambeau|break 50|golf|golfing|golf match|pro golfer|bryson break 50|bryson dechambeau golf|bryson dechambeau highlights|Can I Break A Professional Course Record In One Try?|course record|public golf course|breaking golf course records|bryson dechambeau course record series|i broke the course record|breaking course records|professional golfer|Can I Break A Public Course Record In One Try?|professional golf course""",30.97,none,997962,24284,1725,1580000,0.026062115,220656133,US,10/30/2024,19:42:35
bo6 glitch: AFTER PATCH: BOAT PILE UP GLITCH for terminus island easy camo glitch and XP glitch,B Man,Gaming,"""after patch|pileup|pile up|zombie pile up|pile up glitch|terminus island|b06|bo6|black ops|blackops 6|black ops 6|Black Ops 6|BO6|glitch|glitches|black ops 6 glitch|bo6 glitch|bo6 glitches|bo6 xp|bo6 xp glitch|black ops 6 glitches|glitches bo6|glitch bo6|camo glitch|b-man|B-MAN|bman|BMAN|GLITCH|ZOMBIES|zombies|zombies glitch|zombie glitches|bo6 zombies glitch|bo6 zombies|BO6 XP GLITCH|BO6 ZOMBIES GODMODE GLITCH|BO6 ZOMBIES GLITCH|boat glitch""",6.03,none,74397,1882,348,62900,0.029974327,9314911,NZ,11/4/2024,22:46:13
I do not recommend: 'Dragon Age: The Veilguard' (Review),Skill Up,Gaming,"""skill up|skill|up|gameplay|games|guide|dragon age|dragon age bioware|dragon age the veilguard|the veilguard|new dragon age trailer|new dragon age game|dragon age release date|dragon age the veilguard release date|dragon age veilguard trailer|dragon age veilguard ign|dragon age veilguard gameplay|dragon age veilguard|dragon age veilguard character creation|dragon age veilguard classes|dragon age veilguard review|dragon age news|dragon age the veilguard review""",46.15,none,2096479,112086,28315,1030000,0.066969905,267511319,AU,10/28/2024,15:05:10
Fortnite CHAPTER 2 is HERE!,SypherPK,Gaming,"""fortnite|fortnite battle royale|competitive|gaming|highlights|gameplay|fortnite highlights|fortnite tips|stream highlights|how to play|fortnite gameplay|sypher|new update|sypherpk|fortnite update|fortnite new patch|fortnite new item|everything epic didnt tell you|fortnite new update|fortnite leaks|fortnite event|mr beast fortnite|undercover|fashion show|Fortnite chapter 5|asianjeff""",13.0,none,1607021,45185,2489,9880000,0.029666072,5043358780,US,11/2/2024,14:10:23
Dallas Cowboys vs. Atlanta Falcons Game Highlights | NFL 2024 Season Week 9,NFL,Sports,"""[none]""",13.67,none,1396093,14924,2925,13400000,0.012784965,10938454264,US,11/3/2024,21:21:40
Spooky Month short: Kevin's Dream job,Sr Pelo,Film & Animation,"""Animation|Animacion|sr Pelo|pelo|Sir Pelo|spooky month|spooky short|skid|pump|kevin|lila|roy|robber|ross|susie|Jaune|Jack|John|Bob|Rick|Carmen|Dexter|Happy Fella|Candy|Candy shop|Moloch|Gregor|Radford|Cats|Skeleton|Pumpkin|Trick or treat|masks|costumes|dia de brujas|fnf|friday night funkin|boyfriend|spider|shadow|crying|centipede|dirt|insects|patty azure|morgue|guts|green|cosmic|stars|candy store|hatzgang|water balloon|Frank|tree|Dad|flashback|witch|Indie animation""",2.85,none,1271794,157213,7893,7010000,0.129821339,1637732248,MX,10/31/2024,18:00:06
Halloween Special: Mummies!,Overly Sarcastic Productions,Education,"""Funny|Summary|OSP|Overly Sarcastic Productions|Analysis|Literary Analysis|Myths|Legends|Classics|Literature|Stories|Storytelling|History|Mythology""",47.9,none,515270,40537,3340,2370000,0.085153415,751678103,US,10/31/2024,15:00:28
Marvel Studios | Look Ahead | Disney+,Marvel Entertainment,Entertainment,"""marvel|comics""",1.88,none,1898258,83062,5055,21000000,0.046419928,6258764596,US,10/30/2024,13:30:06
Lil Uzi Vert - Chill Bae [Official Music Video],LIL UZI VERT,Music,"""Lil|Uzi|Vert|Lil Uzi Vert|Eternal Atake|Money Longer|LUV|Futsal Shuffle|That Way|Sanguine Paradise|XO Tour Life|XO Tour Llif3|Luv Is Rage|Luv is Rage 2|The Perfect LUV Tape|Worldstar|Akadmiks|Philly|Rap|Hip Hop|Atlantic Records|Generation Now|Roc Nation|nwE_BsjBSUw|New Patek|Je2OItlb4pY/edit|PLUTO X BABY PLUTO|PLUTO|Lil Uzi Vert Future|Lil Uzi Vert Future Pluto x Baby Pluto|Future|Future Pluto|Lil Uzi Pluto x Baby Pluto|Baby Pluto""",3.42,none,2823643,85623,5617,9840000,0.032312867,5168439853,US,11/1/2024,4:00:08
I got a cat.,JaidenAnimations,Film & Animation,"""jaiden|animations|jaidenanimation|jaidenanimations|animation|tostada cat|cat|kitten|creature""",16.05,none,8516998,667822,45224,13900000,0.083720344,2659845436,US,10/26/2024,17:03:04
‚ÄúTouch‚Äù Halloween Special Performance | KATSEYE,KATSEYE,Music,"""[none]""",2.7,none,2625812,178726,5216,900000,0.070051474,307148492,US,10/30/2024,15:02:37
Topuria KO's Holloway for the first time ever! ü•ä | Ilia Topuria vs Max Holloway Fight Highlights,FOX SPORTS AUSTRALIA,Sports,"""fox sports|australia|sports|nrl|afl|cricket|football|fox league|fox cricket|fox footy|sport""",3.98,none,123906,1089,174,170000,0.010193211,103363440,AU,10/27/2024,0:08:47
Horror Games - Scott The Woz,Scott The Woz,Gaming,"""[none]""",30.03,none,541884,43404,2000,1940000,0.08378915,726649896,US,10/31/2024,23:00:18
Tays drops game on Heather Bowling?! Locked In S5 EP3 | @Footasylumofficial,Footasylum,Entertainment,"""Footasylum|Yung Filly|Darkest Man|GK Barry|Nella Rose|Harry Pinero|Chunkz|Johnny Carey|Sharky|AJ Shabeel|Niko Omilana|King Kenny|Beta Squad|Sidemen|KSI|Locked In|Does The Shoe Fit|Chef Asylum|Stephen Tries|Bambino Becky|Max Khadar|Good Evening Britain|Liar Liar|Bad Bistro|Adeola Patronne|Chunkz & Filly|Philly|Young Filly|Chunks|BETA squad|Behzinga|Miniminter|Zerkaa|Tobjizzle|The Burnt Chip|tennessee|Chloe Burrows|Specs Gonzalez|Home Schooled""",45.72,none,1250571,22882,1513,2860000,0.019507089,846964070,GB,11/1/2024,19:00:17
Tom Brady breaks down the Lions' DOMINANT win over the Packers | NFL on FOX,NFL on FOX,Sports,"""lions|packers|nfl|tom brady|NFL|NFC|Football|fs1|fox sports|fox sports 1|sports|sports news|NFL on FOX|trade rumors|AFC|AFC South|AFC North|NFC South|NFC North|NFC West|NFC East|AFC West|AFC East|2024 NFL regular season|national football league|latest NFL news""",4.5,none,198410,4252,699,74800,0.024953379,125243832,US,11/4/2024,1:04:15
"Bobby Lashley comes face-to-face with Swerve Strickland at FRIGHT NIGHT! | 10/30/24, AEW Dynamite",All Elite Wrestling,Sports,"""aew|aew dynamite|aew dynamite highlights this week|aew dynamite highlights|all elite wrestling|pro wrestling|aew on tbs|aew rampage|aew highlights|aew zero hour|aew buy in|AEW TV|swerve strickland|shelton benjamin|prince nana|mvp|mvp aew|shelton benjamin aew|bobby lashley|bobby lashley aew|bobby lashley aew debut|aew fight forever""",11.6,none,1526732,38933,3766,4250000,0.02796758,2379797235,US,10/31/2024,2:30:16
We Fell For The Oldest Lie On The Internet,Kurzgesagt ‚Äì In a Nutshell,Education,"""[none]""",13.13,none,3471479,254782,10839,23100000,0.076515226,3004389187,DE,10/29/2024,15:00:09
Six Hundred Strike,Jorge Rivera-Herrans - Topic,Music,"""Jorge Rivera-Herrans|Steven Rodriguez|Cast of EPIC: The Musical|EPIC: The Vengeance Saga (Official Concept Album)|Six Hundred Strike""",3.53,none,1581782,42181,5226,45400,0.029970628,137208320,PR,10/30/2024,10:02:56
Nintendo Music ‚Äì Announcement Trailer,Nintendo of America,Gaming,"""nintendo|game|gameplay|fun|video game|action|adventure|rpg|play|switch|nintendo switch""",2.47,none,1301164,81632,15587,9620000,0.074716946,3605783113,US,10/30/2024,22:04:08
I Spent $2000 on 5 ABANDONED Storage Units and Found Some INSANE Stuff,HeavyDSparks,Entertainment,"""towing|snowrunner|trailers|family friendly|no swearing|Recovery|Diesel|Diesel brothers|Heavy equipment|Whistlindiesel|Cleetus McFarland|Demolition ranch|Matt‚Äôs Offroad|Mud|Adventure|For you|Heavydsparks|Sparks motors|Freedom bus|Dirt|Dirt work|Tractor|Dave sparks|Diesel Dave|tow truck|wrecker|blue collar|excavator|equipment|heavy duty|dozer|hunting|hellcat|JEEP|snowcat|oshkosh|auction|govplanet|public surplus|abandoned|storage unit|gta|storage wars""",43.6,none,2032663,59968,2620,4060000,0.030791135,941387798,US,10/27/2024,19:39:23
I bought a BROKEN BUGATTI VEYRON! My first million dollar hooptie?,Hoovies Garage,Autos & Vehicles,"""[none]""",18.48,none,749358,41591,5310,1580000,0.062588242,474735238,US,10/30/2024,17:48:17
Deliver Justice! Clash of Clans New Season,Clash of Clans,Gaming,"""clash of clans|COC|Clash of Clans Gameplay|Clash of Clans Strategy|Clash of Clans Animation|Clash of Clans Commercial|Clash of Clans Attacks|Clash of Clans Town Hall|Hog Rider|PEKKA|Clan Wars|season challenges|clan war leagues|clash on|clan game|clan games|clash-a-rama|clasharama|justice|justice season|war machine scenery|Judgment King|Justice Queen|Grand Judge|Justice Scenery|clash of clans new season|clash season|hammer jam""",1.02,none,462575,15688,1319,20900000,0.03676593,4704219063,US,10/31/2024,13:00:17
Jimmy Fallon Gets Spooked By Spicy Wings | Hot Ones,First We Feast,Entertainment,"""First we feast|fwf|firstwefeast|food|food porn|cook|cooking|chef|recipe|cocktail|bartender|craft beer|spicy food|foodie|burgers|food documentary|PETER DINKLAGE|venom|venom last dance|kevin feige|marvel|mcu|sony marvel|spiderman|tom holland""",24.4,none,2177229,88637,3651,14100000,0.042387824,4155582963,US,10/31/2024,15:00:03
Pacific Championships 2024 | Kumuls v Aitu | Match Highlights,NRL - National Rugby League,Sports,"""NRL|National Rugby League|Games|Matches|Highlights|Rugby|Telstra Premiership|Fox Sports|State of Origin|Nine|NRL Highlights|NRL Game Highlights|Rugby League Highlights|Rugby League|NRL Full Match|NRL Live|Watch NRL|NRL Match Highlights|Rugby league highlights|NRL 2023|NRL 2023 highlights|NRL23|NRL23 highlights|NRL scores|nrl schedule|nrl draw""",4.8,none,131122,1841,239,453000,0.015863089,359864166,AU,11/3/2024,7:33:03
Dangerous,Jorge Rivera-Herrans - Topic,Music,"""Jorge Rivera-Herrans|TROY|Diana Rivera-Herrans|EPIC: The Vengeance Saga (Official Concept Album)|Dangerous""",3.4,none,1364399,35686,1562,45400,0.027299932,137208320,PR,10/30/2024,10:01:07
I TRADED A SUPERCAR FOR A BACKYARD HOUSE,Mat Armstrong MK2,Autos & Vehicles,"""mat armstrong|matt armstrong|new video|audi r8|supercar|clutch|cheap|rebuild|garden build|garage|building""",52.0,none,2046090,76844,2267,1300000,0.038664477,173208172,GB,10/27/2024,18:00:33
"Darling, I","Tyler, The Creator - Topic",Music,"""Tyler|The Creator Teezo Touchdown CHROMAKOPIA Darling|I""",4.23,none,5022481,156061,5448,91300,0.032157215,1399735014,US,10/28/2024,10:01:40
livin' like leah | halloween special with ppg :),Leah Kateb,People & Blogs,"""[none]""",15.25,none,309611,22945,1229,222000,0.078078621,1509519,US,11/2/2024,1:44:24
A NEW WEEK WITH ME | VLOG | MOLLYMAE,MollyMae,People & Blogs,"""[none]""",34.3,none,844167,20359,583,1950000,0.024807888,217652240,GB,10/28/2024,17:22:59
My dog (Oatmeal) insists on swimming (even when it's cold! ‚ùÑÔ∏è),Adria and Oatmeal,Music,"""[none]""",1.08,none,504511,35319,113,1100000,0.070230381,638135333,US,11/2/2024,13:00:25
How to Ruin Geometry Dash,GD Colon,Gaming,"""gdcolon|gd colon|geometry dash|geometry dash lite|geometry dash free|battle pass|gacha|free games|if geometry dash was free|free mobile games being stinky and really really bad""",17.87,none,419946,26052,5556,686000,0.07526682,164895041,CA,10/30/2024,19:00:06
I Tested Ridiculous Product Claims,Jack Pembrook,People & Blogs,"""[none]""",23.17,none,601717,20696,1281,604000,0.036523814,34117896,US,10/29/2024,17:43:08
"Pure CHAOS! Jon Moxley, AEW World Champion, responds to Orange Cassidy! | 10/30/24, AEW Dynamite",All Elite Wrestling,Sports,"""aew|aew dynamite|aew dynamite highlights this week|aew dynamite highlights|aew on tnt|aew road to|all elite wrestling|pro wrestling|aew on tbs|aew rampage|aew highlights|aew rampage highlights|aew zero hour|aew buy in|AEW TV|jon moxley|pac|claudio castagnoli|marina shafir|wheeler yuta|orange cassidy|private party""",9.57,none,610145,12782,1110,4250000,0.022768358,2379797235,US,10/31/2024,2:15:00
HIGHLIGHTS: Arsenal v Liverpool | Premier League,Optus Sport,Sports,"""how to watch|optus sport|australia|highlights|premier|league|goal|premier league highlights|goals|soccer|football|premier league|epl|premier league fixtures|uefa|fifa|fa|pl|epl highlights|crystal palace|manchester united|erik|ten|hag|aston villa|liverpool|tottenham|manchester|city|brighton|chelsea|newcastle|fulham|man utd|man u|old trafford|zirkzee|arsenal|wolverhampton""",3.5,none,252963,2296,276,829000,0.010167495,278937443,AU,10/27/2024,21:00:06
TRYING THE KRABBY PATTY FT. LARRAY,Quenlin Blackwell,Entertainment,"""[none]""",34.88,none,1541419,111954,3489,1920000,0.074893978,149326153,US,10/27/2024,20:58:34
Queer | Official Trailer HD | A24,A24,Film & Animation,"""a24|a24 films|a24 trailers|independent films|trailer|HD|official|movie|film|a24 movies|oscar winner|academy award winner""",2.15,none,2059371,35453,2123,1350000,0.018246348,1210030953,US,10/29/2024,13:00:48
BREAKING NEWS! The Election's Most Difficult Decision‚Ä¶,CGP Grey,News & Politics,"""cgpgrey|education|election|flags|maine""",4.0,none,1398275,92182,74,6510000,0.065978438,1078982688,GB,10/29/2024,19:45:11
"Mullet No More, The Scratch And Dent SMX Teardown Video",Steve Morris Engines,Autos & Vehicles,"""Engines|LS|Supercharge|turbos|boost|smx|cars|dragrace|drag|car|horsepower|power""",28.98,none,271879,13976,1035,478000,0.055212061,79360920,US,10/29/2024,23:00:27
The Many Sins of Halloween Decorations,JonTronShow,Comedy,"""jontron|jontronshow|halloween|decorations|funny|comedy""",13.55,none,899468,65392,3503,6520000,0.076595276,1377161128,US,10/29/2024,18:25:13
Have the coziest November in Hay Day,Hay Day,Gaming,"""Hay Day|HayDay|Supercell|Suprcell|Farming|Farm life|mobile|tablet|mobile game|game|yt:cc=on|ios|android|amazon|series|farmer|pig|horse|cow|sheep|goat|puppy|dog|kitten|cat|fishing|sanctuary|elephant|zebra|giraffe|hippo""",1.98,none,1100593,18706,864,2250000,0.017781323,321386826,FI,10/31/2024,7:50:00
Atlas Goes Hands On,Boston Dynamics,Science & Technology,"""boston dynamics|atlas|electric atlas|robots|robotics|humanoid robot|boston dynamics atlas|boston dynamics electric robot atlas|what's new atlas|boston dynamics atlas parkour|boston dynamic robots|atlas robot|boston dynamics robot|boston dynamics atlas video|how does atlas work?""",2.88,none,1568730,59282,7302,3350000,0.042444525,830046211,US,10/30/2024,13:44:10
The True Scale Of Modern Nuclear Weapons,Science Time,Science & Technology,"""the true scale of modern nuclear weapons|the terrifying true scale of nuclear weapons|the devastating true scale of nuclear weapons|nuclear weapons|scale of nuclear weapons|3D nuclear weapons|nuclear weapons visualized|the terrifying true scale of modern nuclear weapons|b83|satan two|rs 28 sarmat""",18.02,none,5150361,80227,11482,849000,0.017806325,126778466,PT,10/26/2024,19:00:26
can we build a fully ORANGE townhouse in the sims? | rainbow townhouses pt 2,CarynandConnieGaming,Gaming,"""the sims|ts4|sims build challenge|let‚Äôs build|sims 4 challenge|sims challenge|challenge|sims 4|carynandconnie|Caryn and connie|family friendly|build challenge|house building|sims 4 build|the sims 4|how to build|sims hacks|sims tips|sims tricks|sims cheats|speed build|speedbuilding|home decor|rainbow house|rainbow houses|rainbow townhouses|rainbow|townhouses|apartments|for rent|red house|color challenge|sims rainbow house|sims color challenge""",30.4,none,559517,45065,1802,1150000,0.083763317,235045135,US,10/29/2024,16:18:27
How Ruben Amorim Will Setup Man Utd,Statman Dave,Sports,"""statman dave|ruben amorim|ruben amorim sporting|ruben amorim tactics|ruben amorim manchester united|ruben amorim man utd|sporting tactics|sporting|sporting cp|sporting goals|ruben amorim next job|ruben amorim update|ruben amorim 23/24|ruben amorim 24/25|viktor gyokeres|gyokeres transfer|goncalo inacio|ousmane diomande|fabrizio romano|david ornstein|the athletic|tactics explained|next man utd manager|erik ten hag|man utd|manchester united""",24.07,none,459928,9302,1357,341000,0.023175367,44292991,GB,10/29/2024,17:41:59
Nuketown Launch Trailer | Call of Duty: Black Ops 6,Call of Duty,Gaming,"""call of duty|cod|activision""",1.28,none,827562,33510,2922,7960000,0.044023288,1616614186,US,10/29/2024,17:00:11
British Men Try Swedish Snacks,James Marriott,Comedy,"""James Marriott""",26.35,none,354129,20759,2330,2010000,0.065199405,224526501,GB,10/30/2024,13:08:02
I 100%'d Hello Neighbor. It was Horrible.,Seanie Dew,Gaming,"""[none]""",41.55,none,299069,17064,1766,588000,0.062962059,265445835,US,10/29/2024,18:15:03
Shannon Sharpe üó£Ô∏è SAQUON BARKLEY HAD THE 'PLAY OF THE YEAR!' + Lions the BEST OVERALL? | First Take,NFL on ESPN,Sports,"""Stephen A. Smith|Shannon Sharpe|Dan Orlovsky|Molly Qerim|First Take|Philadelphia Eagles vs Jacksonville Jaguars|Saquon Barkley|Saquon Barkley backwards hurdle|Cowboys|Detroit Lions vs. Green Bay Packers|Lions|Stephen A.|Jared Goff|stephen a smith cowboys|cowboys stephen a smith|stephen a smith eagles|eagles stephen a smith|philadelphia eagles stephen a smith|stephen a smith philadelphia eagles|eagles stephen a.|stephen a.|stephen a. smith""",13.57,none,443895,6389,1274,555000,0.017263091,371917633,US,11/4/2024,16:12:55
Please Stop Making Venom Movies,The Cosmonaut Variety Hour,Entertainment,"""[none]""",8.38,none,396330,23439,1663,1420000,0.063336109,349480806,US,10/30/2024,22:26:27
Funerary Process For My Pet Chicken #shorts #chickens #funereal #rubbereggs #hope,Joseph's Farm Design,Pets & Animals,"""[none]""",1.63,none,555992,33728,246,43800,0.061105196,24699000,CA,10/23/2024,15:00:00
ROS√â & Bruno Mars - APT. (Official Lyric Video),Bruno Mars,Music,"""bruno mars|bruno|atlantic records|official video|pop music|R&B|funk|soul|rose|rose bruno mars|apt lyrics|rose bruno mars lyrics|bruno mars lyrics|bruno mars rose lyrics|rose apt lyrics|bruno mars apt lyrics|apt|apt.|bruno mars rose apt|apt rose bruno mars|rose bruno mars apt|meet me at the apt|rosie bruno mars|bruno mars rosie""",2.83,none,17158971,499329,11553,39100000,0.029773464,21888905651,CA,10/24/2024,23:00:11
MAKE THEM BELIEVE | T1 vs BLG: The Grand Finals |  Worlds 2024,LoL Esports,Gaming,"""Worlds 2024|worlds|league of legends|worlds league of legends|worlds 2024|esports|lck|lcs|lpl|cblol|lla|lec|pcs|vcs|swiss stage|worlds 2024 league of legends|lol esports|lol 2024|lol worlds 2024""",7.18,none,1567309,65422,4076,3770000,0.044342245,1229896314,US,11/2/2024,8:32:37
Wild Life: Episode 2 - EATING WELL!,Grian,Gaming,"""grian|life series|episode 1|wild life|3rd life|grian life series""",54.32,none,1492153,84206,4104,8630000,0.059182939,2531090252,GB,10/26/2024,17:00:14
HYPERCHARGE FOR WATCHING THE BRAWL STARS WORLD FINALS?! ü•µ,Brawl Stars,Gaming,"""brawl stars|mobile game|mobile strategy game|mobile rpg|mobile battle royale|battle royale|supercell game|bswf|brawl world finals""",1.52,none,8179707,195683,6444,20600000,0.024710787,2941932208,FI,10/28/2024,10:01:54
JUJU HAS IT ALL! | Brawl Stars Animation,Brawl Stars,Gaming,"""brawl stars|mobile game|mobile strategy game|mobile rpg|mobile battle royale|battle royale|supercell game|juju|brawler|brawl talk|spike|amber|colette|champion|hero|voodoo|doll""",0.88,none,7702576,214981,10681,20600000,0.029296952,2941932208,FI,10/30/2024,7:09:09
Planet X Returns! - Part 2,SolarBalls,Education,"""solarballs|solarball|cosmos|scifi|sci fi|space|galaxy|solar system|animation|fun|comedy|space animation|cartoon|shut up cartoons planets|shut up planet cartoon|spaceball|spaceballs|space balls|moon|moons|earth|luna|sun|planet X|big bang|the big bang|big bang theory""",8.05,none,496285,27859,4283,1480000,0.064765205,309814902,GB,11/2/2024,15:00:07
Central Cee - One By One | A COLORS SHOW,COLORS,Music,"""colorsstudios|colorsberlin|All Colors Shows|A COLORS SHOW|colors|colorsxstudios|live session|live performance|colours|studios|Music Video|Central Cee|Doja|Central|Cee|Central C|Cench""",3.0,none,2037788,57670,2251,7730000,0.029404923,3116392479,DE,10/29/2024,19:00:08
INTER-JUVENTUS 4-4 | HIGHLIGHTS | A thriller at the San Siro! | Serie A 2024/25,Serie A,Sports,"""Serie A|Dybala|highlights|Juventus|AC Milan|Inter Milan|Napoli|Roma|goals|full highlights|watch|partita|migliori gol|gol del mese|calcio|Italia|lukaku|Lazio|highlights serie a|highlights inter|highlights juventus|highlights milan|highlights juve|highlights roma|lautaro|lautaro martinez|inter|juventus|juve|liga italiana|liga italia|lega italiana|lega italia""",2.55,none,3407318,64835,1873,9590000,0.019577862,4143826907,IT,10/27/2024,20:00:56
skibidi toilet 77 (part 4),DaFuq!?Boom!,Entertainment,"""sfm animation|skibidi toilet vs cameramen|skibidi toilet|titan cameraman|titan speakerman|skibidi toilet all episodes|titan tv man""",5.33,none,20973334,862208,96345,44300000,0.045703416,17870471294,US,10/26/2024,22:35:06
Dragon Age: The Veilguard Is A BIG Disappointment... | Review,MrMattyPlays,Gaming,"""dragon age|dragon age the veilguard review|dragon age the veilguard impressions|is dragon age the veilguard worth it|should i buy dragon age the veilguard|dragon age the veilguard gameplay|mrmattyplays|mrmattyplays dragon age""",40.1,none,716584,39280,12090,579000,0.071687339,225760670,US,10/28/2024,15:00:48
S√£o Paulo,The Weeknd - Topic,Music,"""The Weeknd|„Ç∂„Ç¶„Ç£„Éº„ÇØ„Ç®„É≥„Éâ|„Ç∂„Éª„Ç¶„Ç£„Éº„ÇØ„Ç®„É≥„Éâ|Anitta|„Ç¢„Éã„ÉÉ„Çø|S√£o Paulo""",5.03,none,1703099,59424,959,255000,0.03545478,6588005805,CA,10/31/2024,0:04:07
Yeat & Quavo - 5BRAZY [Official Music Video],Yeat Music,Music,"""yeat|summrs|lyfestyle|go2work|go to work|lyfe|afterlyfe|quavo|migos|offset|travis scott|huncho jack""",3.37,none,1066290,74547,4172,1320000,0.073825132,751772058,US,10/30/2024,17:45:03
NickEh30 reacts to Fortnite Remix Live Event!,Nick Eh 30,Gaming,"""fortnite|fortnite gameplay|fortnite battle royale|fortnite funny moments|fortnite new update|fortnite victory royale|Fortnite Item Shop|Fortnite funny|Fortnite tips|Fortnite Update|Fortnite How To Win|Fortnite how to play|Fortnite Victory Royale|Fortnite tournament|fortnite best moments|Fortnite event|Nick eh 30|FORTNITE new map|Fortnite live|Fortnite nick eh 30|fortnite new season|Fortnite Chapter 5|Fortnite chapter 5 season 4|Fortnite season 4""",15.22,none,890740,15323,1196,8190000,0.018545255,1480347452,CA,11/2/2024,5:26:50
Collect Every GENGAR Ever or Lose It All (Pok√©mon Card Challenge),Deep Pocket Monster,Entertainment,"""pokemon|pokemon cards|pokemon tcg|pat flynn|pokemon pat flynn|deep pocket monster|pokemon card challenge|pokemon challenge|deep pocket monster challenge|every gengar ever|gengar pokemon card collection|gengar pokemon|gengar pokemon card|gengar challenge|collect every gengar ever|every gengar""",34.47,none,799847,17650,1259,1010000,0.023640771,226432568,US,10/28/2024,23:30:07
FINAL FANTASY XIV Patch 7.1 - Crossroads,FINAL FANTASY XIV,Gaming,"""FF14|FFXIV|Final Fantasy XIV (Video Game)|„Éï„Ç°„Ç§„Éä„É´„Éï„Ç°„É≥„Çø„Ç∏„Éº|MMO|„Çπ„ÇØ„Ç¶„Çß„Ç¢„Éª„Ç®„Éã„ÉÉ„ÇØ„Çπ|„Çπ„ÇØ„Ç®„Éã|SQUARE ENIX|ÊºÜÈªí„ÅÆ„É¥„Ç£„É©„É≥„Ç∫|Shadowbringers|ÊöÅÊúà„ÅÆ„Éï„Ç£„Éä„Éº„É¨|Endwalker|ÈªÑÈáë„ÅÆ„É¨„Ç¨„Ç∑„Éº|Dawntrail""",3.43,none,119820,0,0,700000,0.0,297725106,JP,11/1/2024,11:03:22
ULTIMATE TERMINUS EASTER EGG GUIDE (Black Ops 6 Zombies MAIN EASTER EGG Tutorial / Walkthrough),MrRoflWaffles,Gaming,"""mrroflwaffles|mr rofl waffles|mr rolf waffles|rolf|woffle|roffle|milo|zombies|mr roffle woffles|roffle waffle""",12.47,none,1923268,35995,2938,2100000,0.020243149,565212646,GB,10/26/2024,2:11:33
